id,province,zone,candidate_no,title,first_name,last_name,party,score
1,กระบี่,1,4,นาย,อาคม,เอ่งฉ้วน,ประชาธิปัตย์,63783
2,กระบี่,1,9,นาย,สฤษฎ์พงษ์,เกี่ยวข้อง,ไทยรักไทย,30581
3,กระบี่,1,11,นาย,อริษฎร์,จิรเดชตระกูล,มหาชน,3177
4,กระบี่,2,4,นาย,พิเชษฐ,พันธุ์วิชาติกุล,ประชาธิปัตย์,67022
5,กระบี่,2,9,นาย,ดำรงค์,กิตติธรกุล,ไทยรักไทย,32594
6,กรุงเทพมหานคร,1,4,นาง,เจิมมาศ,จึงเลิศศิริ,ประชาธิปัตย์,32926
7,กรุงเทพมหานคร,1,9,นาย,ศิริ,หวังบุญเกิด,ไทยรักไทย,26131
8,กรุงเทพมหานคร,1,1,นาย,สุวิทย์,จารึกเสถียร,ชาติไทย,2075
9,กรุงเทพมหานคร,1,11,นางสาว,จิรภา,แสนเกษม,มหาชน,1193
10,กรุงเทพมหานคร,1,5,นาย,ประสพชัย,ชโลปถัมภ์,ประชาชนไทย,102
11,กรุงเทพมหานคร,2,9,นาย,กฤษฎา,สัจจกุล,ไทยรักไทย,37493
12,กรุงเทพมหานคร,2,4,นาง,สุภัคสิริ,หฤษฎางค์กูร,ประชาธิปัตย์,14071
13,กรุงเทพมหานคร,2,1,นาย,อรัญ,พันธุมจินดา,ชาติไทย,3015
14,กรุงเทพมหานคร,2,11,นาย,พิชัย,สิริรัตนพลกุล,มหาชน,1164
15,กรุงเทพมหานคร,2,5,นาย,สืบสันต์,สืบสหการ,ประชาชนไทย,129
16,กรุงเทพมหานคร,3,9,นาง,ลลิตา,ฤกษ์สำราญ,ไทยรักไทย,47376
17,กรุงเทพมหานคร,3,4,นาย,ประพันธ์,คูณมี,ประชาธิปัตย์,23885
18,กรุงเทพมหานคร,3,1,นาย,ฉัตรชัย,นาคอนุรักษ์,ชาติไทย,3217
19,กรุงเทพมหานคร,3,11,นาย,วิภาส,ทองสุทธิ์,มหาชน,1191
20,กรุงเทพมหานคร,3,5,นาย,จรัล,สถิตปรัชญากุล,ประชาชนไทย,225
21,กรุงเทพมหานคร,4,9,ร้อยเอก,รชฏ,พิสิษฐบรรณกร,ไทยรักไทย,29699
22,กรุงเทพมหานคร,4,4,นาย,พุทธิพงษ์,ปุณณกันต์,ประชาธิปัตย์,27888
23,กรุงเทพมหานคร,4,1,นาย,กฤษฎา,อินทามระ,ชาติไทย,1663
24,กรุงเทพมหานคร,4,11,นาย,พจน์,ลักษณสมพงศ์,มหาชน,741
25,กรุงเทพมหานคร,4,5,นาย,กฤตย์,ธารสุนทร,ประชาชนไทย,79
26,กรุงเทพมหานคร,5,9,นาย,ประจวบ,อึ๊งภากรณ์,ไทยรักไทย,23236
27,กรุงเทพมหานคร,5,4,นาย,กอร์ปศักดิ์,สภาวสุ,ประชาธิปัตย์,20456
28,กรุงเทพมหานคร,5,1,นางสาว,ปอรรัชม์,ยอดเณร,ชาติไทย,2732
29,กรุงเทพมหานคร,5,11,นางสาว,ชมพูนุท,ชายุตพงศ์,มหาชน,374
30,กรุงเทพมหานคร,6,4,หม่อมหลวง,อภิมงคล,โสณกุล,ประชาธิปัตย์,34931
31,กรุงเทพมหานคร,6,9,นาง,อรทัย,ฐานะจาโร,ไทยรักไทย,27271
32,กรุงเทพมหานคร,6,1,นาย,ธรรณม์ชัย,รุ่งจิรโรจน์,ชาติไทย,1559
33,กรุงเทพมหานคร,6,11,นาย,ดำรงศักดิ์,ธารดำรงค์,มหาชน,731
34,กรุงเทพมหานคร,7,4,นาย,กรณ์,จาติกวณิช,ประชาธิปัตย์,36010
35,กรุงเทพมหานคร,7,9,นาย,ดนุพร,ปุณณกันต์,ไทยรักไทย,29613
36,กรุงเทพมหานคร,7,1,นางสาว,ดวงดาว,รอบคอบ,ชาติไทย,1509
37,กรุงเทพมหานคร,7,11,นาย,ณัฐพัชร์,โชติวรวัฒน์,มหาชน,363
38,กรุงเทพมหานคร,8,9,นาย,พงษ์พิสุทธิ์,จินตโสภณ,ไทยรักไทย,25089
39,กรุงเทพมหานคร,8,4,นาย,สมเกียรติ,ฉันทวานิช,ประชาธิปัตย์,24123
40,กรุงเทพมหานคร,8,1,นาย,ชัยยุทธ,วงศ์พิภพมงคล,ชาติไทย,1070
41,กรุงเทพมหานคร,9,9,นาวาอากาศตรี,ศิธา,ทิวารี,ไทยรักไทย,30342
42,กรุงเทพมหานคร,9,4,นาย,ถนอม,อ่อนเกตุพล,ประชาธิปัตย์,20143
43,กรุงเทพมหานคร,9,11,นาย,โชคชัย,สุดดี,มหาชน,832
44,กรุงเทพมหานคร,9,19,นาย,ศุภโชค,จินดาพล,รักษ์ถิ่นไทย,404
45,กรุงเทพมหานคร,10,9,นางสาว,ณหทัย,ทิวไผ่งาม,ไทยรักไทย,32483
46,กรุงเทพมหานคร,10,4,นาย,อิสรา,สุนทรวัฒน์,ประชาธิปัตย์,29084
47,กรุงเทพมหานคร,10,1,นาย,สุคนธ์,ฟ้าอรุณ,ชาติไทย,1441
48,กรุงเทพมหานคร,10,11,นาย,สิทธิชัย,นุ่มแจ่ม,มหาชน,635
49,กรุงเทพมหานคร,10,5,นาย,บุญส่ง,ประเสริฐดำรง,ประชาชนไทย,80
50,กรุงเทพมหานคร,11,9,นาย,ยุรนันท์,ภมรมนตรี,ไทยรักไทย,40176
51,กรุงเทพมหานคร,11,4,พลเอก,เฟื่องวิชชุ์,อนิรุทธเทวา,ประชาธิปัตย์,30497
52,กรุงเทพมหานคร,11,1,พันตำรวจเอก,อวยชัย,ชุนาวรรณ,ชาติไทย,3091
53,กรุงเทพมหานคร,11,11,นางสาว,ณัฐชนก,ผดุงทรง,มหาชน,698
54,กรุงเทพมหานคร,12,9,นาย,เฉลิมชัย,จีนะวิจารณะ,ไทยรักไทย,51424
55,กรุงเทพมหานคร,12,4,นาย,ชวนนท์,อินทรโกมาลย์สุต,ประชาธิปัตย์,33324
56,กรุงเทพมหานคร,12,1,นาย,สุรพล,ศรีวิทยา,ชาติไทย,3488
57,กรุงเทพมหานคร,12,11,นาย,นิพนธ์,ทาบุราญ,มหาชน,750
58,กรุงเทพมหานคร,12,5,นาย,กรณิศ,ศรีสัจจา,ประชาชนไทย,113
59,กรุงเทพมหานคร,12,21,นาย,ณัฐฌพรหม,นุสติ,กฤษไทยมั่นคง,99
60,กรุงเทพมหานคร,13,9,นางสาว,ศุภมาส,อิศรภักดี,ไทยรักไทย,39348
61,กรุงเทพมหานคร,13,4,นาย,อัศวิน,อภัยวงศ์,ประชาธิปัตย์,17707
62,กรุงเทพมหานคร,13,11,นาย,จิตติ,โสภณดิเรกรัตน์,มหาชน,3227
63,กรุงเทพมหานคร,13,1,นาย,ชาญเวทย์,บูชา,ชาติไทย,2145
64,กรุงเทพมหานคร,14,1,นางสาว,จณิสตา,ลิ่วเฉลิมวงศ์,ชาติไทย,37457
65,กรุงเทพมหานคร,14,4,นาย,สุรศักดิ์,ทรงไชยรัตนกุล,ประชาธิปัตย์,9419
66,กรุงเทพมหานคร,14,10,นาย,ไพโรจน์,เกี้ยวทอง,ความหวังใหม่,2375
67,กรุงเทพมหานคร,14,11,นาย,สุทธินันท์,จันทระ,มหาชน,2054
68,กรุงเทพมหานคร,14,5,นาย,พลพิสิทธิ์,แจวจันทึก,ประชาชนไทย,434
69,กรุงเทพมหานคร,15,9,นาง,ปวีณา,หงสกุล,ไทยรักไทย,59718
70,กรุงเทพมหานคร,15,4,นาย,เดชา,ยิ้มอำนวย,ประชาธิปัตย์,16341
71,กรุงเทพมหานคร,15,1,นาย,สมชาย,เวสารัชตระกูล,ชาติไทย,6091
72,กรุงเทพมหานคร,15,11,นาย,ปริญญา,เกษศิริ,มหาชน,800
73,กรุงเทพมหานคร,15,10,นาย,อานนท์,เชาวนรัตน์,ความหวังใหม่,139
74,กรุงเทพมหานคร,16,9,นาย,อนุสรณ์,ปั้นทอง,ไทยรักไทย,56596
75,กรุงเทพมหานคร,16,4,นาย,สุริยะ,ศึกษากิจ,ประชาธิปัตย์,27986
76,กรุงเทพมหานคร,16,11,นาย,ฐิติโชค,กาญจนภักดี,มหาชน,5785
77,กรุงเทพมหานคร,16,1,ร้อยตำรวจเอก,กษิดิศ,เทียกสีบุญ,ชาติไทย,3507
78,กรุงเทพมหานคร,17,9,นาย,ประมณฑ์,คุณะเกษม,ไทยรักไทย,35919
79,กรุงเทพมหานคร,17,4,นาย,ชูศักดิ์,จึงพานิช,ประชาธิปัตย์,24250
80,กรุงเทพมหานคร,17,1,ร้อยตำรวจเอก,ศักดิ์ชัย,จีรพรชัย,ชาติไทย,2255
81,กรุงเทพมหานคร,17,5,นาย,พันธ์วริศ,พุกเสวก,ประชาชนไทย,109
82,กรุงเทพมหานคร,18,9,นางสาว,ภูวนิดา,คุนผลิน,ไทยรักไทย,31691
83,กรุงเทพมหานคร,18,4,นาย,บำรุง,รัตนะ,ประชาธิปัตย์,23632
84,กรุงเทพมหานคร,18,1,นาย,ภคิณ,ทิพย์สุคนธ์,ชาติไทย,1495
85,กรุงเทพมหานคร,18,11,นาย,พิชัย,หงษ์สุวรรณ,มหาชน,576
86,กรุงเทพมหานคร,18,5,นาย,สันติ,วิชัยพล,ประชาชนไทย,85
87,กรุงเทพมหานคร,19,9,นาย,พิมล,ศรีวิกรม์,ไทยรักไทย,44940
88,กรุงเทพมหานคร,19,4,นาย,ฐิติ,ชัยนาม,ประชาธิปัตย์,27719
89,กรุงเทพมหานคร,19,11,นาย,ปานกฤษณ์,จรัณยานนท์,มหาชน,775
90,กรุงเทพมหานคร,19,15,นางสาว,ประดับ,เอี่ยมโอบวงศ์,ชาติประชาธิปไตย,151
91,กรุงเทพมหานคร,19,5,นาย,วรรธนะ,เพชรชนะ,ประชาชนไทย,104
92,กรุงเทพมหานคร,20,9,นาย,พฤฒิชัย,ดำรงรัตน์,ไทยรักไทย,40139
93,กรุงเทพมหานคร,20,4,นาย,แพทย์ทิวา,เงินยวง,ประชาธิปัตย์,29458
94,กรุงเทพมหานคร,20,11,นาย,แมน,เจริญวัลย์,มหาชน,1561
95,กรุงเทพมหานคร,20,5,นาย,รักเกียรติ,แก้วทอง,ประชาชนไทย,85
96,กรุงเทพมหานคร,21,9,นาย,เอกพจน์,วงศ์อารยะ,ไทยรักไทย,48043
97,กรุงเทพมหานคร,21,4,นาง,นาถยา,เบ็ญจศิริวรรณ,ประชาธิปัตย์,35633
98,กรุงเทพมหานคร,21,1,นาย,กฤชญาณ,ทิพย์สุคนธ์,ชาติไทย,2296
99,กรุงเทพมหานคร,21,11,นาย,ธนัทเทพ,สุดถนอม,มหาชน,472
100,กรุงเทพมหานคร,21,10,นาย,อับดุลฮากีม,ยีตา,ความหวังใหม่,111
101,กรุงเทพมหานคร,22,9,นาย,ภัทรศักดิ์,โอสถานุเคราะห์,ไทยรักไทย,48210
102,กรุงเทพมหานคร,22,4,นาย,เสนีย์,สุวรรณดี,ประชาธิปัตย์,37658
103,กรุงเทพมหานคร,22,1,นาย,อภินันท์,พหลแพทย์,ชาติไทย,3027
104,กรุงเทพมหานคร,22,11,นาย,วิสูตร,วิสุทธิไกรสีห์,มหาชน,1461
105,กรุงเทพมหานคร,23,9,นางสาว,ศันสนีย์,นาคพงศ์,ไทยรักไทย,53976
106,กรุงเทพมหานคร,23,4,นาย,ชาญ,เชาว์วิศิษฐ,ประชาธิปัตย์,27325
107,กรุงเทพมหานคร,23,1,นาย,วิรัช,นาโค,ชาติไทย,2972
108,กรุงเทพมหานคร,23,11,พันตำรวจโท,ชาญชัย,งามธุระ,มหาชน,2761
109,กรุงเทพมหานคร,24,9,นาย,วัฒนา,เซ่งไพเราะ,ไทยรักไทย,32128
110,กรุงเทพมหานคร,24,4,นาย,สุทธิ,ปัญญาสกุลวงศ์,ประชาธิปัตย์,23865
111,กรุงเทพมหานคร,24,11,นาง,สมิตา,สรสุชาติ,มหาชน,4142
112,กรุงเทพมหานคร,24,1,นาย,สุรวีร์,บุญราช,ชาติไทย,2087
113,กรุงเทพมหานคร,24,18,นาย,เกียรติยศโรเยอร์,โลหนันทน์,รักษ์ถิ่นไทย,181
114,กรุงเทพมหานคร,25,9,นาย,มงคล,กิมสูนจันทร์,ไทยรักไทย,78296
115,กรุงเทพมหานคร,25,4,นาย,อนันต์,ฤกษ์ดี,ประชาธิปัตย์,35906
116,กรุงเทพมหานคร,25,12,นาย,มุดตาฝ้า,หมันงะ,ประชากรไทย,5842
117,กรุงเทพมหานคร,25,1,นาย,สุรชัย,นิวาสพันธ์,ชาติไทย,3689
118,กรุงเทพมหานคร,25,11,นาย,รัชพงศ์,ทาบุราญ,มหาชน,886
119,กรุงเทพมหานคร,25,5,นางสาว,ศุภลักษณ์,จิตปัญโญยศ,ประชาชนไทย,686
120,กรุงเทพมหานคร,25,21,นาย,ชูพงษ์,แพทย์หลักฟ้า,เผ่าไท,190
121,กรุงเทพมหานคร,25,13,นาย,กำพล,ศรีสมบูรณ์,ไทยช่วยไทย,85
122,กรุงเทพมหานคร,26,9,นาย,วิชาญ,มีนชัยนันท์,ไทยรักไทย,73744
123,กรุงเทพมหานคร,26,4,นาย,ประพันธ์,ปุษยไพบูลย์,ประชาธิปัตย์,43034
124,กรุงเทพมหานคร,26,1,นาย,ขุนธรรม,เดือดขุนทด,ชาติไทย,2851
125,กรุงเทพมหานคร,26,11,นาย,เดชา,อยู่หว่าง,มหาชน,1232
126,กรุงเทพมหานคร,26,10,นาย,แสนสมบูรณ์,นวลปวน,ความหวังใหม่,311
127,กรุงเทพมหานคร,26,5,ว่าที่ร้อยตรี,ศุภวัฒน์,ฟักตระกูล,ประชาชนไทย,144
128,กรุงเทพมหานคร,27,9,นาย,เอนก,หุตังคบดี,ไทยรักไทย,35075
129,กรุงเทพมหานคร,27,4,นาย,ธัชพงศ์,ธรรมพุฒิพงศ์,ประชาธิปัตย์,17850
130,กรุงเทพมหานคร,27,1,นาย,สุเทพ,แสงเอี่ยม,ชาติไทย,1843
131,กรุงเทพมหานคร,27,11,นาย,บัณฑูร,บุญสนอง,มหาชน,408
132,กรุงเทพมหานคร,27,5,นาย,เมือง,สุวรรณสัญญา,ประชาชนไทย,74
133,กรุงเทพมหานคร,28,9,นางสาว,ศิลัมพา,เลิศนุวัฒน์,ไทยรักไทย,26702
134,กรุงเทพมหานคร,28,4,นาย,วิลาศ,จันทร์พิทักษ์,ประชาธิปัตย์,22680
135,กรุงเทพมหานคร,28,11,นาย,รัชวิศน์,คุณปสุต,มหาชน,6521
136,กรุงเทพมหานคร,28,1,นาย,วิสิฐ,ศรีพิทักษ์,ชาติไทย,1413
137,กรุงเทพมหานคร,28,18,นาย,คณาบุญ,รัตนตานนท์,รักษ์ถิ่นไทย,66
138,กรุงเทพมหานคร,29,9,นาย,ภิมุข,สิมะโรจน์,ไทยรักไทย,39061
139,กรุงเทพมหานคร,29,4,นาย,จักรพันธ์,พรนิมิตร,ประชาธิปัตย์,30537
140,กรุงเทพมหานคร,29,1,นาย,มนูญ,นกยูงทอง,ชาติไทย,2233
141,กรุงเทพมหานคร,29,11,นาย,สมศักดิ์,มีเสถียร,มหาชน,380
142,กรุงเทพมหานคร,30,4,นาย,องอาจ,คล้ามไพบูลย์,ประชาธิปัตย์,30995
143,กรุงเทพมหานคร,30,9,นาย,จักรภพ,เพ็ญแข,ไทยรักไทย,23740
144,กรุงเทพมหานคร,30,1,นาย,นพกร,ธีรภาพวงศา,ชาติไทย,719
145,กรุงเทพมหานคร,30,11,นาย,ไชยยศ,อรุณสุริยศักดิ์,มหาชน,144
146,กรุงเทพมหานคร,30,5,นาง,กิ่งฟ้า,สืบสหการ,ประชาชนไทย,43
147,กรุงเทพมหานคร,31,9,นาย,ปิติพงศ์,เต็มเจริญ,ไทยรักไทย,53369
148,กรุงเทพมหานคร,31,4,นาย,บุณธีร์,พานิชประไพ,ประชาธิปัตย์,29264
149,กรุงเทพมหานคร,31,1,นาย,บุญชู,มีศรี,ชาติไทย,3486
150,กรุงเทพมหานคร,31,11,นาย,จวง,เทียนจวง,มหาชน,1235
151,กรุงเทพมหานคร,32,9,นาย,มานะ,คงวุฒิปัญญา,ไทยรักไทย,39199
152,กรุงเทพมหานคร,32,4,นาย,สุรันต์,จันทร์พิทักษ์,ประชาธิปัตย์,37556
153,กรุงเทพมหานคร,32,1,นาย,อภิชาติ,กมลทิพย์,ชาติไทย,2289
154,กรุงเทพมหานคร,32,11,นาย,พีระ,มีผล,มหาชน,923
155,กรุงเทพมหานคร,33,9,นาย,สุวัฒน์,ม่วงศิริ,ไทยรักไทย,47008
156,กรุงเทพมหานคร,33,4,นาง,นันทพร,วีรกุลสุนทร,ประชาธิปัตย์,32670
157,กรุงเทพมหานคร,33,1,นาย,สมบูรณ์,กุลเมืองน้อย,ชาติไทย,2273
158,กรุงเทพมหานคร,33,11,นาย,สมบัติ,เบญจศิริมงคล,มหาชน,694
159,กรุงเทพมหานคร,34,9,นาย,สุวัฒน์,วรรณศิริกุล,ไทยรักไทย,51273
160,กรุงเทพมหานคร,34,4,นาย,โสภณ,ขวัญบัว,ประชาธิปัตย์,34779
161,กรุงเทพมหานคร,34,1,นาย,มงคล,โค้ววัฒนะวงษ์รักษ์,ชาติไทย,12545
162,กรุงเทพมหานคร,34,11,นาย,สวัสดิ์,บุญรัตน์,มหาชน,1526
163,กรุงเทพมหานคร,35,9,นาย,สากล,ม่วงศิริ,ไทยรักไทย,72368
164,กรุงเทพมหานคร,35,4,พันตำรวจโท,สวัสดิ์,จำปาศรี,ประชาธิปัตย์,31343
165,กรุงเทพมหานคร,35,1,นาง,จุลี,เจิดเจริญดี,ชาติไทย,3875
166,กรุงเทพมหานคร,35,11,นาย,สนั่น,สุขเกษม,มหาชน,728
167,กรุงเทพมหานคร,36,9,นาย,สุธา,ชันแสง,ไทยรักไทย,42424
168,กรุงเทพมหานคร,36,4,นาย,โกวิทย์,ธารณา,ประชาธิปัตย์,30028
169,กรุงเทพมหานคร,36,1,นางสาว,นุจรี,ศิริสิงห์,ชาติไทย,3554
170,กรุงเทพมหานคร,36,11,นาย,อุฤทธิ์,บุนนาค,มหาชน,768
171,กรุงเทพมหานคร,37,9,นาย,แสวง,ฤกษ์จรัล,ไทยรักไทย,68529
172,กรุงเทพมหานคร,37,4,นาย,วัชระ,เพชรทอง,ประชาธิปัตย์,42523
173,กรุงเทพมหานคร,37,1,นาย,อนุชิต,พูนสิทธิโชค,ชาติไทย,4433
174,กรุงเทพมหานคร,37,11,นาย,พรชัย,เพชรชู,มหาชน,1243
175,กาญจนบุรี,1,9,พลเอก,สมชาย,วิษณุวงศ์,ไทยรักไทย,36509
176,กาญจนบุรี,1,4,นาย,สุเมศ,โพธิพิพิธ,ประชาธิปัตย์,22271
177,กาญจนบุรี,1,11,นาย,วสันต์,ภูษิตกาญจนา,มหาชน,10516
178,กาญจนบุรี,1,1,นาย,วิมล,พนมศักดิ์,ชาติไทย,4844
179,กาญจนบุรี,2,9,นาย,สันทัด,จีนาภักดิ์,ไทยรักไทย,48066
180,กาญจนบุรี,2,4,นาย,พินิจ,โพธิพิพิธ,ประชาธิปัตย์,24420
181,กาญจนบุรี,2,1,นาย,สมาน,เลื่อนเครือ,ชาติไทย,5237
182,กาญจนบุรี,2,11,นาง,อรัญญา,คณากรณ์,มหาชน,2491
183,กาญจนบุรี,3,4,นาย,ปารเมศ,โพธารากุล,ประชาธิปัตย์,45635
184,กาญจนบุรี,3,9,นาย,เรวัต,สิรินุกุล,ไทยรักไทย,33776
185,กาญจนบุรี,4,9,นาย,ไพบูลย์,พิมพ์พิสิฐถาวร,ไทยรักไทย,53471
186,กาญจนบุรี,4,11,นาย,อนุกูล,แพรไพศาล,มหาชน,12559
187,กาญจนบุรี,4,1,นาย,สุชาติ,นวกวงษ์,ชาติไทย,4700
188,กาญจนบุรี,4,4,พลตำรวจตรี,สุรัตน์,ยุทธโยธิน,ประชาธิปัตย์,4089
189,กาญจนบุรี,5,9,พลโท,มะ,โพธิ์งาม,ไทยรักไทย,34229
190,กาญจนบุรี,5,4,นาย,ประชา,โพธิพิพิธ,ประชาธิปัตย์,24293
191,กาฬสินธุ์,1,9,นาง,บุญรื่น,ศรีธเรศ,ไทยรักไทย,42093
192,กาฬสินธุ์,1,1,นาย,วิรัช,พิมพะนิตย์,ชาติไทย,27072
193,กาฬสินธุ์,1,11,นาย,ชัชวาล,เชิญตระกูล,มหาชน,6352
194,กาฬสินธุ์,1,4,นาย,วรุจน์,มูลศรี,ประชาธิปัตย์,2533
195,กาฬสินธุ์,1,6,นาย,ณัฐพล,สุวรรณชาติ,คนขอปลดหนี้,670
196,กาฬสินธุ์,1,10,นาย,กิติชัย,วินมูล,ความหวังใหม่,439
197,กาฬสินธุ์,1,5,นาย,วรวัฒน์,รุ่งรัตนกสิน,ประชาชนไทย,125
198,กาฬสินธุ์,2,9,นางสาว,อรดี,สุทธศรี,ไทยรักไทย,49102
199,กาฬสินธุ์,2,1,นาย,เกรียงไกร,ภูมิเหล่าแจ้ง,ชาติไทย,30211
200,กาฬสินธุ์,2,10,พันตำรวจเอก,ถนอม,ภูตีกา,ความหวังใหม่,379
201,กาฬสินธุ์,2,18,นาย,ภูมินทร์,ภูสุจริต,รักษ์ถิ่นไทย,94
202,กาฬสินธุ์,3,9,นาย,วิทยา,ภูมิเหล่าแจ้ง,ไทยรักไทย,35536
203,กาฬสินธุ์,3,4,นาย,จำลอง,ภูนวนทา,ประชาธิปัตย์,22023
204,กาฬสินธุ์,3,11,นาย,บวร,ภูจริต,มหาชน,10079
205,กาฬสินธุ์,3,6,นาย,แปลก,สุวรรณชาติ,คนขอปลดหนี้,3454
206,กาฬสินธุ์,3,10,นาย,ทศพร,บุญเรือง,ความหวังใหม่,2612
207,กาฬสินธุ์,3,1,นาย,กมล,จรูญเพ็ญ,ชาติไทย,746
208,กาฬสินธุ์,4,9,นาย,พีระเพชร,ศิริกุล,ไทยรักไทย,37371
209,กาฬสินธุ์,4,1,นาย,ธีระชัย,แสนภูวา,ชาติไทย,20554
210,กาฬสินธุ์,4,11,นาย,สำราญ,ญาณกาย,มหาชน,7927
211,กาฬสินธุ์,4,10,นาย,อภิเดช,ไทยแท้,ความหวังใหม่,4116
212,กาฬสินธุ์,4,6,ร้อยตำรวจเอก,เสกสิทธิ์,มาตชะลา,คนขอปลดหนี้,2882
213,กาฬสินธุ์,4,4,นาย,ธีระพงษ์,วงศ์พรหมเมฆ,ประชาธิปัตย์,1359
214,กาฬสินธุ์,4,8,นาย,เคน,สุภารีย์,แผ่นดินไทย,858
215,กาฬสินธุ์,4,5,นาย,ชอบเรียน,วงศ์ศิริ,ประชาชนไทย,574
216,กาฬสินธุ์,5,9,นางสาว,ภัทรา,วรามิตร,ไทยรักไทย,62254
217,กาฬสินธุ์,5,11,นาย,ภาณุพันธ์,เชาว์น้อย,มหาชน,7014
218,กาฬสินธุ์,5,4,นาย,พนมพร,เขตอนันต์,ประชาธิปัตย์,4040
219,กาฬสินธุ์,5,1,นาย,เดชชัย,เฉิดรัศมี,ชาติไทย,1227
220,กาฬสินธุ์,5,10,นาย,สิทธิศักดิ์,พัฒนชัย,ความหวังใหม่,1123
221,กาฬสินธุ์,5,6,นาย,วิเชียร,พลเยี่ยม,คนขอปลดหนี้,785
222,กาฬสินธุ์,5,18,นาย,สุระชัย,ไชยทองศรี,รักษ์ถิ่นไทย,555
223,กาฬสินธุ์,5,5,นาย,ณัฐวุฒิ,ไตรทิพย์,ประชาชนไทย,285
224,กาฬสินธุ์,6,9,นาย,ประเสริฐ,บุญเรือง,ไทยรักไทย,42838
225,กาฬสินธุ์,6,1,นาง,จิตตา,ณ กาฬสินธุ์,ชาติไทย,21031
226,กาฬสินธุ์,6,10,นาย,สุวัฒน์,สกุลโพน,ความหวังใหม่,5080
227,กาฬสินธุ์,6,11,นาย,แม้ว,ไชยทองศรี,มหาชน,3208
228,กาฬสินธุ์,6,6,นาย,ปิยะ,ปิ่นดำรง,คนขอปลดหนี้,1687
229,กาฬสินธุ์,6,4,นาย,อารยะ,นางาม,ประชาธิปัตย์,810
230,กำแพงเพชร,1,9,นาย,เรืองวิทย์,ลิกค์,ไทยรักไทย,40439
231,กำแพงเพชร,1,4,นาย,ปรีชา,มุสิกุล,ประชาธิปัตย์,23600
232,กำแพงเพชร,1,5,นาย,เดชา,ยามา,ประชาชนไทย,329
233,กำแพงเพชร,2,9,นางสาว,คนึง,ไทยประสิทธิ์,ไทยรักไทย,39819
234,กำแพงเพชร,2,4,นาย,สุขวิชชาญ,มุสิกุล,ประชาธิปัตย์,28205
235,กำแพงเพชร,2,1,พันตำรวจโท,จำเนียร,เภรีวงษ์,ชาติไทย,1343
236,กำแพงเพชร,2,5,ว่าที่ร้อยตรี,วิเศษ,นาโตนด,ประชาชนไทย,561
237,กำแพงเพชร,3,9,พันตำรวจโท,ไวพจน์,อาภรณ์รัตน์,ไทยรักไทย,43687
238,กำแพงเพชร,3,4,นาย,สำราญ,ศรีแปงวงศ์,ประชาธิปัตย์,16329
239,กำแพงเพชร,3,11,นาย,ธานี,สุโชดายน,มหาชน,3350
240,กำแพงเพชร,3,5,นาย,แสงอรุณ,วิพัฒโสภาภรณ์,ประชาชนไทย,382
241,กำแพงเพชร,4,9,นาย,สนั่น,สบายเมือง,ไทยรักไทย,40037
242,กำแพงเพชร,4,4,นาย,ณรงค์,อยู่ปาน,ประชาธิปัตย์,19911
243,กำแพงเพชร,4,1,นาย,มีชัย,พันธุวร,ชาติไทย,958
244,กำแพงเพชร,4,6,นาย,รำพัน,บัวผัน,คนขอปลดหนี้,376
245,กำแพงเพชร,4,5,นาย,ศิวดล,แว่นทอง,ประชาชนไทย,150
246,กำแพงเพชร,5,9,นาย,ถวิล,ฤกษ์หร่าย,ไทยรักไทย,48607
247,กำแพงเพชร,5,4,นางสาว,ณัฐกานต์,เสมเพียร,ประชาธิปัตย์,17959
248,กำแพงเพชร,5,5,นาย,อนันต์ยศ,นิลโชติ,ประชาชนไทย,509
249,ขอนแก่น,1,9,นาย,จักริน,พัฒน์ดำรงจิตร,ไทยรักไทย,49360
250,ขอนแก่น,1,11,นาย,อัษฎางค์,แสวงการ,มหาชน,12078
251,ขอนแก่น,1,4,พันตำรวจตรี,ประวัติ,วิเชฏฐพงษ์,ประชาธิปัตย์,9515
252,ขอนแก่น,1,10,นาง,จุฑามาศ,ธาตุดี,ความหวังใหม่,1006
253,ขอนแก่น,1,15,นาย,สมพร,ทีภูเวียง,ชาติประชาธิปไตย,337
254,ขอนแก่น,2,9,นาย,ประจักษ์,แกล้วกล้าหาญ,ไทยรักไทย,74042
255,ขอนแก่น,2,4,นาย,สุนทร,ลีซีทวน,ประชาธิปัตย์,9958
256,ขอนแก่น,2,11,นาย,บุญคง,ดวงจันคำ,มหาชน,6900
257,ขอนแก่น,2,10,นาย,เกริกฤทธิ,แจ้งพรมมา,ความหวังใหม่,1569
258,ขอนแก่น,2,1,นาย,วีระ,พลรักษา,ชาติไทย,1423
259,ขอนแก่น,2,6,นาย,อนุสรณ์,หวายสันเทียะ,คนขอปลดหนี้,770
260,ขอนแก่น,2,18,นาย,ชิน,เต็งเจริญกุล,รักษ์ถิ่นไทย,711
261,ขอนแก่น,2,8,นางสาว,พรพิมล,มูลสาร,แผ่นดินไทย,677
262,ขอนแก่น,2,5,นาง,นาตยา,ราชแสนเมือง,ประชาชนไทย,348
263,ขอนแก่น,2,15,นาย,วสันต์,ชูชัย,ชาติประชาธิปไตย,165
264,ขอนแก่น,2,13,นาย,สมคิด,สุขเจริญ,ไทยช่วยไทย,85
265,ขอนแก่น,3,9,นาย,จตุพร,เจริญเชื้อ,ไทยรักไทย,49406
266,ขอนแก่น,3,2,นาย,อรรถพล,ชัยนันท์สมิตย์,กิจสังคม,22056
267,ขอนแก่น,3,4,นาย,ไชยยงค์,สืบสารคาม,ประชาธิปัตย์,5529
268,ขอนแก่น,3,11,นาย,ณรงค์เลิศ,สุรพล,มหาชน,2060
269,ขอนแก่น,3,1,นาย,วิษณุ,ศักดาสกุลคุณากร,ชาติไทย,607
270,ขอนแก่น,3,21,นาย,ประสิทธิ์,จันทสาร,เกษตรกรไทย,207
271,ขอนแก่น,3,10,นาย,รุ่งโรจน์,พลเสนา,ความหวังใหม่,155
272,ขอนแก่น,3,12,นาย,สุพรรณ,พิจารโชติ,ประชากรไทย,123
273,ขอนแก่น,3,15,นาย,บุญรวม,พิมหานาม,ชาติประชาธิปไตย,119
274,ขอนแก่น,3,5,นาย,ประดิษฐ์,โนนว่านไฟ,ประชาชนไทย,95
275,ขอนแก่น,3,13,ร้อยตำรวจเอก,สัตยา,ดลตรี,ไทยช่วยไทย,36
276,ขอนแก่น,4,9,นาง,มุกดา,พงษ์สมบัติ,ไทยรักไทย,57273
277,ขอนแก่น,4,11,นาย,ปัญญา,ศรีปัญญา,มหาชน,10741
278,ขอนแก่น,4,4,นาย,นิคม,ศรีเงิน,ประชาธิปัตย์,4688
279,ขอนแก่น,4,15,นาย,ประยงค์,อันไขหน้า,ชาติประชาธิปไตย,1156
280,ขอนแก่น,5,9,นาย,ภูมิ,สาระผล,ไทยรักไทย,40673
281,ขอนแก่น,5,1,นาย,อุดมศักดิ์,มาสีพิทักษ์,ชาติไทย,30166
282,ขอนแก่น,5,11,นาย,สมยงค์,แก้วสุพรรณ,มหาชน,4222
283,ขอนแก่น,5,4,นาย,สมชาย,สัตยาภรณ์,ประชาธิปัตย์,1658
284,ขอนแก่น,5,10,นางสาว,กนกวรรณ,เบ้าจรรยา,ความหวังใหม่,823
285,ขอนแก่น,5,6,นาย,นาคิน,คำศรี,คนขอปลดหนี้,388
286,ขอนแก่น,5,15,นาย,ณ,ตะวัน พรหมทา,ชาติประชาธิปไตย,136
287,ขอนแก่น,5,5,นางสาว,ดวงใจ,สีวันนู,ประชาชนไทย,79
288,ขอนแก่น,6,9,นาย,สมศักดิ์,เกียรติสุรนนท์,ไทยรักไทย,46959
289,ขอนแก่น,6,11,นาย,สุเทพ,ดีบุญมี ณ ชุมแพ,มหาชน,19886
290,ขอนแก่น,6,4,นาย,สุริโย,ประสาทบัณฑิตย์,ประชาธิปัตย์,2608
291,ขอนแก่น,6,6,นาย,ธนายุทธ,บุดดาเวียง,คนขอปลดหนี้,1137
292,ขอนแก่น,6,1,นาย,อุดร,ศรีบุญเรือง,ชาติไทย,663
293,ขอนแก่น,6,5,นาย,ทองคำ,ถนอมผล,ประชาชนไทย,270
294,ขอนแก่น,7,9,นาย,สุชาย,ศรีสุรพล,ไทยรักไทย,42514
295,ขอนแก่น,7,11,นาง,ศรีนวล,ศรีตรัย,มหาชน,17429
296,ขอนแก่น,7,1,นาย,เตือน,สายบัวทอง,ชาติไทย,7626
297,ขอนแก่น,7,4,นาย,นาถ,พรหมา,ประชาธิปัตย์,699
298,ขอนแก่น,7,10,นาย,วุฒิพงษ์,ศุภรมย์,ความหวังใหม่,397
299,ขอนแก่น,7,15,นาย,วีระศักดิ์,พฤกษเทเวศ,ชาติประชาธิปไตย,246
300,ขอนแก่น,7,5,นาย,อิทธิ,สีวันนู,ประชาชนไทย,56
301,ขอนแก่น,8,9,นาย,สมศักดิ์,คุณเงิน,ไทยรักไทย,52701
302,ขอนแก่น,8,11,นาย,ประสิทธิ์,เตาะเจริญสุข,มหาชน,13799
303,ขอนแก่น,8,1,ร้อยเอก,วิชัย,ราชานนท์,ชาติไทย,7717
304,ขอนแก่น,8,4,นาย,สุพจน์,ทองเนื้อขาว,ประชาธิปัตย์,687
305,ขอนแก่น,9,9,นาย,อรรถสิทธิ์,กาญจนสินิทธิ์,ไทยรักไทย,44107
306,ขอนแก่น,9,1,นาย,ศุภสิทธิ์,เตชะตานนท์,ชาติไทย,16630
307,ขอนแก่น,9,10,นาย,เลอพงศ์,ลิ้มรัตน์,ความหวังใหม่,4659
308,ขอนแก่น,9,11,นาย,กิตติโชติ,เตรียมเวชวุฒิไกร,มหาชน,4208
309,ขอนแก่น,9,4,นาย,ปีติชา,ทุมเทียง,ประชาธิปัตย์,1474
310,ขอนแก่น,9,5,นาย,ธราวุฒิ,เคนคำภา,ประชาชนไทย,203
311,ขอนแก่น,10,9,นาย,พงศกร,อรรณนพพร,ไทยรักไทย,53920
312,ขอนแก่น,10,1,นาย,ปัญญา,วงษ์กันหา,ชาติไทย,9038
313,ขอนแก่น,10,11,นาย,อำนาจ,ชนะวงศ์,มหาชน,3232
314,ขอนแก่น,10,4,นาย,สุเมธ,เลียงชัยศิริ,ประชาธิปัตย์,1726
315,ขอนแก่น,10,5,นาย,สหชาติ,สุดสะอาด,ประชาชนไทย,956
316,ขอนแก่น,11,9,นาย,เรืองเดช,สุพรรณฝ่าย,ไทยรักไทย,51385
317,ขอนแก่น,11,10,นาย,อภิชาติ,สิงคลีบุตร,ความหวังใหม่,10677
318,ขอนแก่น,11,11,นาย,ศิริพงษ์,อรุณเดชาชัย,มหาชน,10022
319,ขอนแก่น,11,4,นาย,ธรรมรส,สุวรรณวงศ์,ประชาธิปัตย์,895
320,ขอนแก่น,11,1,นาย,สัมฤทธิ์,เชื้อสาวถี,ชาติไทย,794
321,ขอนแก่น,11,5,นาย,วิรัตน์,ทุมหนู,ประชาชนไทย,51
322,จันทบุรี,1,9,นาย,กล้าณรงค์,พงษ์เจริญ,ไทยรักไทย,39350
323,จันทบุรี,1,1,นาย,ธวัชชัย,อนามพงษ์,ชาติไทย,33119
324,จันทบุรี,1,4,นาย,พิสิษฐ์,ศรีประสม,ประชาธิปัตย์,9072
325,จันทบุรี,1,11,นาย,เจษฎา,บัณฑูรรังษี,มหาชน,937
326,จันทบุรี,2,9,พลตำรวจตรี,พยุง,ตรงสวัสดิ์,ไทยรักไทย,36821
327,จันทบุรี,2,1,นาง,คมคาย,พลบุตร,ชาติไทย,23552
328,จันทบุรี,2,11,นาย,ยุคล,ชนะวัฒน์ปัญญา,มหาชน,19183
329,จันทบุรี,2,4,นาย,สงกรานต์,บุญหยง,ประชาธิปัตย์,11970
330,จันทบุรี,3,9,นาย,พงศ์เวช,เวชชาชีวะ,ไทยรักไทย,50893
331,จันทบุรี,3,4,นาย,ชยันต์,เนรัญชร,ประชาธิปัตย์,21146
332,จันทบุรี,3,1,นาย,แสนคม,อนามพงษ์,ชาติไทย,15998
333,จันทบุรี,3,11,นาย,รชตะ,สาสะเน,มหาชน,2386
334,จันทบุรี,3,10,นาย,สมโพธน์,ถนอมจิต,ความหวังใหม่,462
335,ฉะเชิงเทรา,1,9,นาง,ฐิติมา,ฉายแสง,ไทยรักไทย,51726
336,ฉะเชิงเทรา,1,4,พันตำรวจโท,พชรเกรียงชัย,สิงหนาท,ประชาธิปัตย์,24898
337,ฉะเชิงเทรา,1,1,นาย,สัมพันธ์,ไตรติลานันท์,ชาติไทย,2886
338,ฉะเชิงเทรา,2,9,นาย,สมชัย,อัศวชัยโสภณ,ไทยรักไทย,50410
339,ฉะเชิงเทรา,2,4,นาย,ชาลี,เจริญสุข,ประชาธิปัตย์,19587
340,ฉะเชิงเทรา,2,11,นาย,ชัยสิทธิ์,พูลสมบัติ,มหาชน,10777
341,ฉะเชิงเทรา,3,9,นาย,สุชาติ,ตันเจริญ,ไทยรักไทย,61571
342,ฉะเชิงเทรา,3,4,นาย,พงษ์ศักดิ์,เข็มทอง,ประชาธิปัตย์,10236
343,ฉะเชิงเทรา,3,1,นางสาว,นิรมล,งามทรัพย์มณี,ชาติไทย,3986
344,ฉะเชิงเทรา,4,9,นาย,วุฒิพงศ์,ฉายแสง,ไทยรักไทย,52671
345,ฉะเชิงเทรา,4,4,นาย,จักรวาล,ท้วมเจริญ,ประชาธิปัตย์,30439
346,ชลบุรี,1,9,นาย,สง่า,ธนสงวนวงศ์,ไทยรักไทย,52900
347,ชลบุรี,1,4,นาย,สรัลชา,ศรีชลวัฒนา,ประชาธิปัตย์,25105
348,ชลบุรี,1,1,นาย,เกษม,เหลืองอ่อน,ชาติไทย,5235
349,ชลบุรี,2,9,นาย,อัมรินทร์,ตั้งประกอบ,ไทยรักไทย,40203
350,ชลบุรี,2,4,นาย,ศักดา,นพสิทธิ์,ประชาธิปัตย์,26899
351,ชลบุรี,2,1,นาย,สรายุทธ,วงษ์แสงทอง,ชาติไทย,7140
352,ชลบุรี,3,9,นาย,วิทยา,คุณปลื้ม,ไทยรักไทย,40849
353,ชลบุรี,3,4,นาย,ประมวล,เอมเปีย,ประชาธิปัตย์,38755
354,ชลบุรี,4,9,นาย,สุรสิทธิ์,นิติวุฒิวรรักษ์,ไทยรักไทย,46068
355,ชลบุรี,4,4,นาย,ไชยเฉลิม,พิทักษ์ผลิน,ประชาธิปัตย์,25092
356,ชลบุรี,4,1,นาย,อภินันท์,อมรินทร์,ชาติไทย,2076
357,ชลบุรี,5,9,นาย,อิทธิพล,คุณปลื้ม,ไทยรักไทย,57751
358,ชลบุรี,5,4,นาย,ศรายุทธ,โรจนอานนท์,ประชาธิปัตย์,16175
359,ชลบุรี,6,9,นาย,ชาญยุทธ,เฮงตระกูล,ไทยรักไทย,62224
360,ชลบุรี,6,4,นาย,สุไอนี,เพียรดี,ประชาธิปัตย์,19482
361,ชลบุรี,6,1,นาย,วิเชียร,ตั้งธรรมสถิตย์,ชาติไทย,6834
362,ชลบุรี,6,10,นาย,สมชาย,ศรีสุนทรโวหาร,ความหวังใหม่,430
363,ชลบุรี,7,9,พลเรือโท,โรช,วิภัติภูมิประเทศ,ไทยรักไทย,43370
364,ชลบุรี,7,4,พลเรือเอก,อกอกนิษฐ์,หมื่นศรี,ประชาธิปัตย์,12312
365,ชลบุรี,7,11,พลเรือเอก,อกสุรพล,จันทร์แดง,มหาชน,11232
366,ชลบุรี,7,1,นาย,สามารถ,จารุรักษา,ชาติไทย,2815
367,ชลบุรี,7,7,พลเรือเอก,อกชัย,สุวรรณภาพ,ธรรมชาติไทย,1404
368,ชลบุรี,7,5,นาย,ธนาธิป,ไกรคุ้ม,ประชาชนไทย,680
369,ชัยนาท,1,9,นาย,อนุชา,นาคาศัย,ไทยรักไทย,53385
370,ชัยนาท,1,1,พลอากาศเอก,เด็ดดวงดอกรัก,คุ้มชนะ,ชาติไทย,16826
371,ชัยนาท,1,11,นาย,พรหมมินทร์,สีตบุตร,มหาชน,8742
372,ชัยนาท,1,4,นาย,ชาติวัฒน์,ชาติกรกุล,ประชาธิปัตย์,8424
373,ชัยนาท,1,5,นาง,วันทนี,หิรัญปาน,ประชาชนไทย,726
374,ชัยนาท,2,9,นาย,ชัยวัฒน์,ทรัพย์รวงทอง,ไทยรักไทย,46157
375,ชัยนาท,2,1,นาย,มณเฑียร,สงฆ์ประชา,ชาติไทย,42837
376,ชัยนาท,2,11,นาย,เฉลิม,สุขคะสมบัติ,มหาชน,2449
377,ชัยนาท,2,5,นาง,ศรัณย์ภรณ์,ทาสิงห์ทอง,ประชาชนไทย,181
378,ชัยภูมิ,1,9,นาย,ประสิทธิ์,ชัยวิรัตนะ,ไทยรักไทย,42307
379,ชัยภูมิ,1,1,นาย,บัณฑูรย์,เกียรติก้องชูชัย,ชาติไทย,29116
380,ชัยภูมิ,1,11,นาย,สำฤทธิ์,เล็งวิทยา,มหาชน,2670
381,ชัยภูมิ,1,4,นาย,นฤทธิ์,ปิงเมือง,ประชาธิปัตย์,1870
382,ชัยภูมิ,2,9,นาย,ชวลิต,มหาจันทร์,ไทยรักไทย,39822
383,ชัยภูมิ,2,11,นาย,มานะ,โลหะวณิชย์,มหาชน,28771
384,ชัยภูมิ,2,4,นาย,ภูมิจิตร,พลธรรม,ประชาธิปัตย์,678
385,ชัยภูมิ,3,9,นาย,ก่ำชุง,ประภากรแก้วรัตน์,ไทยรักไทย,55918
386,ชัยภูมิ,3,1,ว่าที่ร้อยเอก,ปัญญา,ชัยรัตนพาณิชย์,ชาติไทย,19222
387,ชัยภูมิ,3,4,นาย,ประดิษฐ์,ยั้งระหัด,ประชาธิปัตย์,1682
388,ชัยภูมิ,4,9,นาย,วุฒิชัย,สงวนวงศ์ชัย,ไทยรักไทย,63017
389,ชัยภูมิ,4,4,นาย,คชา,จำปาทอง,ประชาธิปัตย์,6527
390,ชัยภูมิ,5,9,นาย,ศรคม,ฦาชา,ไทยรักไทย,33678
391,ชัยภูมิ,5,1,นาย,สมาน,อินเปี้ย,ชาติไทย,24026
392,ชัยภูมิ,5,11,นาย,ชัยชาญ,จรรย์โกมล,มหาชน,14454
393,ชัยภูมิ,5,4,นาง,พุทธามาศ,อินทรารักษ์,ประชาธิปัตย์,2497
394,ชัยภูมิ,6,9,นาย,เจริญ,จรรย์โกมล,ไทยรักไทย,39834
395,ชัยภูมิ,6,11,นาย,เชวงศักดิ์,เร่งไพบูลย์วงษ์,มหาชน,25583
396,ชัยภูมิ,6,1,ร้อยตรี,วัฒนา,แก้วศิริ,ชาติไทย,10975
397,ชัยภูมิ,6,4,นาย,ชุมพล,สังข์ทอง,ประชาธิปัตย์,493
398,ชัยภูมิ,6,5,นางสาว,บังอร,ประจวบมอญ,ประชาชนไทย,113
399,ชัยภูมิ,7,9,นาย,สุรวิทย์,คนสมบูรณ์,ไทยรักไทย,60774
400,ชัยภูมิ,7,11,นาย,อภิสิทธิ์,เวียนวิเศษ,มหาชน,12090
401,ชัยภูมิ,7,1,นาย,วสิษฐ,โลห์วีระ,ชาติไทย,1014
402,ชัยภูมิ,7,4,นาย,ดวงจันทร์,พื้นดอนเค็ง,ประชาธิปัตย์,979
403,ชุมพร,1,4,นาย,ศิริศักดิ์,อ่อนละมัย,ประชาธิปัตย์,44370
404,ชุมพร,1,9,นาย,ธวัช,บุรินทร์วัฒนา,ไทยรักไทย,34151
405,ชุมพร,1,1,นาย,สุชาติ,แก้วนาโพธิ์,ชาติไทย,1411
406,ชุมพร,2,4,นาย,สุวโรช,พะลัง,ประชาธิปัตย์,64789
407,ชุมพร,2,9,นาย,สมชาย,คุณวุฒิ,ไทยรักไทย,15716
408,ชุมพร,2,11,นาย,ชาญชัย,ชุมเกษียร,มหาชน,7035
409,ชุมพร,2,15,นาวาอากาศเอก,อิษฎา,น้อยขาว,ชาติประชาธิปไตย,1286
410,ชุมพร,3,4,นาย,ธีระชาติ,ปางวิรุฬห์รักษ์,ประชาธิปัตย์,63036
411,ชุมพร,3,9,นาย,เฉลิมชัย,นิยมไท,ไทยรักไทย,18002
412,ชุมพร,3,1,นาย,จัตุรนต์,คชสีห์,ชาติไทย,5373
413,เชียงราย,1,9,นาย,สามารถ,แก้วมีชัย,ไทยรักไทย,53947
414,เชียงราย,1,11,นาย,นุกูล,วินิจวลัย,มหาชน,13896
415,เชียงราย,1,4,นาย,ดวงแก้ว,คารินทา,ประชาธิปัตย์,3893
416,เชียงราย,1,5,นาย,อติชาติ,ศรีประจันทร์,ประชาชนไทย,332
417,เชียงราย,2,9,นาย,สฤษฎ์,อึ้งอภินันท์,ไทยรักไทย,62264
418,เชียงราย,2,1,นาย,ฉัฐวัสส์,มุตตามระ,ชาติไทย,8208
419,เชียงราย,2,11,นาย,วินัย,ชัยดรุณ,มหาชน,7957
420,เชียงราย,2,4,นาย,สุนทร,สิทธิยศ,ประชาธิปัตย์,1723
421,เชียงราย,2,10,นาย,ศาส์นชัย,วงค์คำลือ,ความหวังใหม่,585
422,เชียงราย,2,6,นาย,ขันตี,ศรีวิสรณ์,คนขอปลดหนี้,562
423,เชียงราย,3,9,นาย,สุรสิทธิ์,เจียมวิจักษณ์,ไทยรักไทย,49012
424,เชียงราย,3,11,นาย,สมเกียรติ,เจิมศักดิ์,มหาชน,12336
425,เชียงราย,3,4,นาย,กิติพงษ์,นามวงค์,ประชาธิปัตย์,6987
426,เชียงราย,4,9,นาย,วิสาร,เตชะธีราวัฒน์,ไทยรักไทย,36602
427,เชียงราย,4,1,นาย,ธีรพงษ์,เผ่ากา,ชาติไทย,22423
428,เชียงราย,4,11,นาย,ชำนาญ,หาญแก้ว,มหาชน,14566
429,เชียงราย,5,9,นาย,สมบูรณ์,วันไชยธนวงศ์,ไทยรักไทย,38592
430,เชียงราย,5,11,นางสาว,อินทิรา,นาทองบ่อ,มหาชน,29422
431,เชียงราย,5,6,นาย,ตันติกร,บุญสุระ,คนขอปลดหนี้,2789
432,เชียงราย,5,1,นาย,ดำเนิน,วงศ์วุฒิ,ชาติไทย,1492
433,เชียงราย,5,4,นาย,เพิ่มวิจักษ์,โสดาวัตร,ประชาธิปัตย์,544
434,เชียงราย,6,9,นางสาว,ละออง,ติยะไพรัช,ไทยรักไทย,38367
435,เชียงราย,6,11,นาย,ประสาธน์,รินนายรักษ์,มหาชน,4626
436,เชียงราย,6,1,นาย,นิกร,จันทร์หอม,ชาติไทย,1649
437,เชียงราย,7,9,นาย,อิทธิเดช,แก้วหลวง,ไทยรักไทย,35975
438,เชียงราย,7,1,นาย,วิทย์วัส,โพธสุธน,ชาติไทย,20248
439,เชียงราย,7,11,นาย,สุรพงษ์,เจริญชัย,มหาชน,1942
440,เชียงราย,7,4,นาย,สุจินต์,เดชกุล,ประชาธิปัตย์,1568
441,เชียงราย,8,9,นาย,บัวสอน,ประชามอญ,ไทยรักไทย,50309
442,เชียงราย,8,11,นาย,ชัยศิษย์,แกล้วกล้า,มหาชน,10459
443,เชียงราย,8,4,นาย,ประเสริฐ,บุญแก้ว,ประชาธิปัตย์,2021
444,เชียงราย,8,6,นาย,กำพล,จาววัฒนาสกุล,คนขอปลดหนี้,1255
445,เชียงราย,8,10,นาย,บุญใส,คมศักดิ์สถาพร,ความหวังใหม่,778
446,เชียงใหม่,1,9,นาย,ปกรณ์,บูรณุปกรณ์,ไทยรักไทย,46312
447,เชียงใหม่,1,4,ร้อยเอกหญิง,เดือนเต็มดวง,ณ เชียงใหม่,ประชาธิปัตย์,35611
448,เชียงใหม่,1,18,นาย,สัญญา,ศุกระศร,รักษ์ถิ่นไทย,205
449,เชียงใหม่,1,5,นาย,สันติภพ,สุวรรณเสรี,ประชาชนไทย,149
450,เชียงใหม่,2,9,นาย,พายัพ,ชินวัตร,ไทยรักไทย,64458
451,เชียงใหม่,2,4,นาย,จักรวาล,วรรณาวงค์,ประชาธิปัตย์,23486
452,เชียงใหม่,2,6,นาย,อุดม,สังธรรม,คนขอปลดหนี้,1359
453,เชียงใหม่,2,15,นาย,สมศักดิ์,บุญตระกูลพูนทวี,ชาติประชาธิปไตย,632
454,เชียงใหม่,2,10,นาย,ชาญชัย,รัตนาภรณ์นุกุล,ความหวังใหม่,426
455,เชียงใหม่,3,9,นาย,บุญทรง,เตริยาภิรมย์,ไทยรักไทย,53838
456,เชียงใหม่,3,4,นาย,อุดม,วรวัลย์,ประชาธิปัตย์,27573
457,เชียงใหม่,3,1,นาง,บุศรา,โพธิสุข,ชาติไทย,2696
458,เชียงใหม่,3,11,นาย,สวัสดิ์,วงศ์วัจนสุนทร,มหาชน,2411
459,เชียงใหม่,3,6,นาง,วชิราภรณ์,รัตนบุรี,คนขอปลดหนี้,697
460,เชียงใหม่,3,5,นาย,เทิดศักติ์,ฉัตรคำ,ประชาชนไทย,179
461,เชียงใหม่,4,9,นาย,วิทยา,ทรงคำ,ไทยรักไทย,55747
462,เชียงใหม่,4,4,นาง,กิ่งกาญจน์,ณ เชียงใหม่,ประชาธิปัตย์,38079
463,เชียงใหม่,4,11,นาง,เกรียงไกร,พานอ่อง,มหาชน,1468
464,เชียงใหม่,5,9,นาย,พรชัย,อรรถปรียางกูร,ไทยรักไทย,69824
465,เชียงใหม่,5,4,นาย,พงศ์ประยูร,ราชอาภัย,ประชาธิปัตย์,26889
466,เชียงใหม่,5,11,นาย,บรรจง,ตริโย,มหาชน,2445
467,เชียงใหม่,5,10,นาย,เกรียงกมล,ศรีมา,ความหวังใหม่,1007
468,เชียงใหม่,6,9,นาย,นพคุณ,รัฐไผท,ไทยรักไทย,70670
469,เชียงใหม่,6,11,นาย,บุญช่วย,ภู่จีนาพันธุ์,มหาชน,17572
470,เชียงใหม่,6,4,นาย,ศิลปชัย,ค้ำชู,ประชาธิปัตย์,7940
471,เชียงใหม่,6,5,นาย,พุทธินันท์,คุณธิ,ประชาชนไทย,151
472,เชียงใหม่,7,9,นาย,สุรพล,เกียรติไชยากร,ไทยรักไทย,47865
473,เชียงใหม่,7,11,นาย,ณรงค์,ภู่อิทธิวงศ์,มหาชน,35744
474,เชียงใหม่,7,4,นาย,เสน่ห์,สุรินทร์,ประชาธิปัตย์,2824
475,เชียงใหม่,7,1,นาย,สมชาย,ตั้งสัตยาบัน,ชาติไทย,920
476,เชียงใหม่,7,15,นาย,พรชัย,พรประทีปกุล,ชาติประชาธิปไตย,714
477,เชียงใหม่,8,9,นาง,ผณินทรา,ภัคเกษม,ไทยรักไทย,41088
478,เชียงใหม่,8,11,นาย,นรพล,ตันติมนตรี,มหาชน,11479
479,เชียงใหม่,8,6,นาย,ปฐม,หล้าพระบาง,คนขอปลดหนี้,7256
480,เชียงใหม่,8,1,นาย,ชัยเชียร,สมพรโชคชัย,ชาติไทย,5955
481,เชียงใหม่,8,4,นาย,ศุภชัย,นิมมานเหมินทร์,ประชาธิปัตย์,5303
482,เชียงใหม่,8,5,นาย,พัฒนะ,มงคลพันธ์,ประชาชนไทย,353
483,เชียงใหม่,9,9,นาย,จุลพันธ์,อมรวิวัฒน์,ไทยรักไทย,37840
484,เชียงใหม่,9,4,นาย,ยงยุทธ,สุวภาพ,ประชาธิปัตย์,18655
485,เชียงใหม่,9,6,นาย,สุศักดิ์,ดาวเงิน,คนขอปลดหนี้,2581
486,เชียงใหม่,9,11,นาย,ชวลิต,ตามรักษา,มหาชน,732
487,เชียงใหม่,9,10,นาย,ธรทัศน์,กันธรส,ความหวังใหม่,207
488,เชียงใหม่,10,9,นาย,สันติ,ตันสุหัช,ไทยรักไทย,36800
489,เชียงใหม่,10,4,นาย,ประสิทธ์,วุฒินันชัย,ประชาธิปัตย์,29874
490,เชียงใหม่,10,6,นาย,พารักษ์,เขื่อนเพชร,คนขอปลดหนี้,1578
491,เชียงใหม่,10,5,นาย,พิตร,เอกอมร,ประชาชนไทย,253
492,ตรัง,1,4,นาย,สุวรรณ,กู้สุจริต,ประชาธิปัตย์,60121
493,ตรัง,1,9,นาย,ไกรสิน,โตทับเที่ยง,ไทยรักไทย,18430
494,ตรัง,2,4,นาย,สาทิตย์,วงศ์หนองเตย,ประชาธิปัตย์,61035
495,ตรัง,2,9,นาย,ธวัช,สุระบาล,ไทยรักไทย,20267
496,ตรัง,3,4,นาย,สมชาย,โล่สถาพรพิพิธ,ประชาธิปัตย์,63366
497,ตรัง,3,9,นาย,ศุภชัย,ใจสมุทร,ไทยรักไทย,12549
498,ตรัง,4,4,นาย,สมบูรณ์,อุทัยเวียนกุล,ประชาธิปัตย์,59752
499,ตรัง,4,9,นาย,พีรพนธ์,ลังเมือง,ไทยรักไทย,16421
500,ตรัง,4,1,นาย,สมคิด,สังขมณี,ชาติไทย,2396
501,ตรัง,4,10,นาย,รัตนศักดิ์,นันตสินธุ์,ความหวังใหม่,1636
502,ตราด,1,4,นาย,ธีระ,สลักเพชร,ประชาธิปัตย์,55731
503,ตราด,1,9,นาย,สิงหา,สง่าศิลป์,ไทยรักไทย,47491
504,ตราด,1,11,นาย,วีระชัย,จูห้อง,มหาชน,994
505,ตราด,1,1,นาย,วันชัย,ประสพวิริยะ,ชาติไทย,921
506,ตาก,1,9,นาย,ธนัสถ์,ทวีเกื้อกูลกิจ,ไทยรักไทย,40588
507,ตาก,1,4,นาย,ดิเรก,จิโน,ประชาธิปัตย์,32914
508,ตาก,1,6,นาย,วิรัติ,เบื้ยแก้ว,คนขอปลดหนี้,2714
509,ตาก,2,4,นาย,ชัยวุฒิ,บรรณวัฒน์,ประชาธิปัตย์,40374
510,ตาก,2,9,นาย,ชำนาญ,สันติพนารักษ์,ไทยรักไทย,25062
511,ตาก,3,4,นาย,ธนิตพล,ไชยนันทน์,ประชาธิปัตย์,24691
512,ตาก,3,9,นาง,สุกัลยา,โชคบำรุง,ไทยรักไทย,23876
513,ตาก,3,1,นาย,ทิพย์,ฤาชัยตระกูล,ชาติไทย,4935
514,ตาก,3,6,นางสาว,อรมรัตน์,เสมรสุต,คนขอปลดหนี้,678
515,นครนายก,1,9,นาย,สิทธิชัย,กิตติธเนศวร,ไทยรักไทย,37600
516,นครนายก,1,4,นาย,วิกิจ,อิสระเสนารักษ์,ประชาธิปัตย์,24923
517,นครนายก,1,1,นาย,วิรัตน,อิงตระกูล,ชาติไทย,2771
518,นครนายก,2,9,นาย,วุฒิชัย,กิตติธเนศวร,ไทยรักไทย,39038
519,นครนายก,2,4,นาย,สำเนา,โหนา,ประชาธิปัตย์,18503
520,นครนายก,2,11,นาย,ณรงค์,พรหมเกตุ,มหาชน,6385
521,นครนายก,2,1,นาย,จักรพันธ์,จินตนาพากานนท์,ชาติไทย,811
522,นครนายก,2,5,นางสาว,อรทัย,จันทสิง,ประชาชนไทย,456
523,นครปฐม,1,1,นาย,สมพัฒน์,แก้วพิจิตร,ชาติไทย,52950
524,นครปฐม,1,9,นาย,ประสานต์,บุญมี,ไทยรักไทย,20935
525,นครปฐม,1,4,นาย,สุรยุทธ,นิยมทรัพย์,ประชาธิปัตย์,5899
526,นครปฐม,2,9,นาย,ชาญชัย,ปทุมารักษ์,ไทยรักไทย,43780
527,นครปฐม,2,1,นาย,สุรชัย,เติมคุณานนท์,ชาติไทย,24981
528,นครปฐม,2,4,ร้อยเอก,ถิรายุ,นิยมทรัพย์,ประชาธิปัตย์,13065
529,นครปฐม,3,9,นาย,ก่อเกียรติ,สิริยะเสถียร,ไทยรักไทย,49674
530,นครปฐม,3,1,นาย,พรศักดิ์,เปี่ยมคล้า,ชาติไทย,24171
531,นครปฐม,3,4,นาย,สกลภัทร,เหมือนจันทร์เชย,ประชาธิปัตย์,5590
532,นครปฐม,3,11,นาย,ปิติพงษ์,ไทยโพธิ์ศรี,มหาชน,5059
533,นครปฐม,3,6,นาย,ไชยยศ,บุญยะรัตน์,คนขอปลดหนี้,332
534,นครปฐม,4,9,นาย,ไชยา,สะสมทรัพย์,ไทยรักไทย,41512
535,นครปฐม,4,1,นาย,ปฐมพงศ์,สูญจันทร์,ชาติไทย,31180
536,นครปฐม,4,4,นาย,สุเทพ,เข้มแข็งปรีชานนท์,ประชาธิปัตย์,14541
537,นครปฐม,5,9,นาย,เผดิมชัย,สะสมทรัพย์,ไทยรักไทย,51389
538,นครปฐม,5,4,พันตำรวจโท,ชวัส (วีระ),ชื่นกลิ่นธูป,ประชาธิปัตย์,38282
539,นครปฐม,5,5,นาง,อารียา,สุขกนิษฐ,ประชาชนไทย,945
540,นครพนม,1,9,นาย,ชวลิต,วิชยสุทธิ์,ไทยรักไทย,33324
541,นครพนม,1,11,นาย,จีระศักดิ์,พูลศิริกุล,มหาชน,17002
542,นครพนม,1,6,นาย,ชุมพล,ดวงขำ,คนขอปลดหนี้,592
543,นครพนม,1,4,นาย,สิงหราช,สิทธิรัตน์ ณ นครพนม,ประชาธิปัตย์,427
544,นครพนม,1,1,นาย,ประเสริฐ,พฤกพัฒนาชัย,ชาติไทย,412
545,นครพนม,2,9,นาย,ไพจิต,ศรีวรขาน,ไทยรักไทย,38445
546,นครพนม,2,1,นาย,สุรจิตร,พลโลก,ชาติไทย,18450
547,นครพนม,2,6,นาย,กรัณฑ์,โกพลรัตน์,คนขอปลดหนี้,1153
548,นครพนม,2,10,นาย,นารายณ์,ไชยมาตย์,ความหวังใหม่,734
549,นครพนม,2,11,นาง,เพ็ญพันธุ์,วงศ์มาลาสิทธิ์,มหาชน,665
550,นครพนม,2,4,นาง,รัณญ์ชิดา,ปัญญารมย์,ประชาธิปัตย์,620
551,นครพนม,2,5,ว่าที่ร้อยตรี,เกษมศรี,บัวเลิง,ประชาชนไทย,366
552,นครพนม,2,21,นาย,โยธิน,ไชยธงยศ,เกษตรกรไทย,77
553,นครพนม,3,9,นาย,ประสงค์,บูรณ์พงศ์,ไทยรักไทย,26955
554,นครพนม,3,1,นาย,ณฐพล,อนุวรรณ,ชาติไทย,11782
555,นครพนม,3,11,นาย,วัชรินทร์,เจียวิริยบุญญา,มหาชน,8618
556,นครพนม,3,10,นาย,โกศล,เหมพลชม,ความหวังใหม่,7879
557,นครพนม,3,4,นาย,เสกศักดิ์,วัฒนสุขชัย,ประชาธิปัตย์,597
558,นครพนม,4,9,นาย,อรรถสิทธิ์ (คันคาย),ทรัพยสิทธิ์,ไทยรักไทย,30549
559,นครพนม,4,1,นางสาว,สุมาลี,พูลศิริกุล,ชาติไทย,22748
560,นครพนม,4,6,นาย,เมธ์,ปุ่มเป้า,คนขอปลดหนี้,3246
561,นครพนม,4,11,นาย,จีรวัฒน์,ตุลาพัฒน์,มหาชน,1859
562,นครพนม,4,5,นาง,วลัยพร,ศรียะวงษ์,ประชาชนไทย,426
563,นครพนม,4,4,นางสาว,ศิริรัตน์,สุภา,ประชาธิปัตย์,375
564,นครพนม,4,3,นาย,ปองปรีดา,วันนาพ่อ,พัฒนาชาติไทย,176
565,นครพนม,5,9,นาย,ศุภชัย,โพธิ์สุ,ไทยรักไทย,50982
566,นครพนม,5,11,นาย,สากล,พูลศิริกุล,มหาชน,7599
567,นครพนม,5,1,นาย,ภูมินทร์,วรรณวงศ์,ชาติไทย,2132
568,นครพนม,5,6,นาย,บุรินทร์,ไชยสุโพธิ์,คนขอปลดหนี้,1178
569,นครพนม,5,4,นาย,มานะ,รมย์สูงเนิน,ประชาธิปัตย์,588
570,นครพนม,5,10,ร้อยตำรวจเอก,ธนภูมิ,นันทสุรีย์อารักษ์,ความหวังใหม่,503
571,นครราชสีมา,1,9,นาย,เทวัญ,ลิปตพัลลภ,ไทยรักไทย,45271
572,นครราชสีมา,1,11,นาย,ประพัทธพงศ์,พราหมณี,มหาชน,13914
573,นครราชสีมา,1,4,นาย,อดิศร,เนาวนนท์,ประชาธิปัตย์,13460
574,นครราชสีมา,1,1,นางสาว,จิดาภา,อุไรธรากุล,ชาติไทย,3224
575,นครราชสีมา,1,10,จ่าสิบเอก,อนุกูล,เชิดพุดซา,ความหวังใหม่,255
576,นครราชสีมา,2,9,นาย,วรรณรัตน์,ชาญนุกูล,ไทยรักไทย,70834
577,นครราชสีมา,2,11,นาย,รุ่งโรจน์,วรชมพู,มหาชน,10749
578,นครราชสีมา,2,4,นาง,วสุ,วศินชุติวัต,ประชาธิปัตย์,8444
579,นครราชสีมา,3,9,นาย,ประเสริฐ,บุญชัยสุข,ไทยรักไทย,68229
580,นครราชสีมา,3,4,นาย,ธนภัทร,มงคลจิตร,ประชาธิปัตย์,7059
581,นครราชสีมา,3,1,นางสาว,รัชดาพร,อุไรธรากุล,ชาติไทย,6022
582,นครราชสีมา,3,11,นาง,รักษ์ฤทัย,อุดมรัตนะศิลป์,มหาชน,4139
583,นครราชสีมา,3,10,นาย,เด่นชัย,ศรีจักรโคตร,ความหวังใหม่,226
584,นครราชสีมา,4,9,นาย,อุทัย,มิ่งขวัญ,ไทยรักไทย,37722
585,นครราชสีมา,4,4,นาย,ลัดทา,ชนะภัย,ประชาธิปัตย์,14938
586,นครราชสีมา,4,11,พันตำรวจเอก,ณัฐ,อรรถกวิน,มหาชน,12260
587,นครราชสีมา,4,1,นาย,ประพิศ,นวมโคกสูง,ชาติไทย,2992
588,นครราชสีมา,5,11,นาง,ทัศนียา,รัตนเศรษฐ,มหาชน,39957
589,นครราชสีมา,5,9,นาง,พิชญ์สินี,มุ่งฝากกลาง กิตติรักษกุล,ไทยรักไทย,39647
590,นครราชสีมา,5,1,ว่าที่ร้อยตรี,ดาวรุ่ง,วัชรินทร์รัตน์,ชาติไทย,2028
591,นครราชสีมา,5,4,นาย,จรัญ,เสาวกุล,ประชาธิปัตย์,1213
592,นครราชสีมา,6,9,นาย,วัชรา,ณ วังขนาย,ไทยรักไทย,52402
593,นครราชสีมา,6,11,นาย,นาวี,ศรีนุชศาสตร์,มหาชน,31994
594,นครราชสีมา,6,4,นาย,สิทธิชัย,เจริญใจ,ประชาธิปัตย์,1546
595,นครราชสีมา,7,9,นาย,พงษ์พิช,รุ่งเป้า,ไทยรักไทย,52901
596,นครราชสีมา,7,1,นาย,ภิรมย์,พลวิเศษ,ชาติไทย,21193
597,นครราชสีมา,7,11,นาย,สมบูรณ์,สุขเพรียบพร้อม,มหาชน,6718
598,นครราชสีมา,7,4,นาย,ธรรมศักดิ์,ไสยราม,ประชาธิปัตย์,1780
599,นครราชสีมา,8,9,นาย,ประชาธิปไตย,คำสิงห์นอก,ไทยรักไทย,46615
600,นครราชสีมา,8,11,นาย,สุทธิชัย,ลาภยิ่งยง,มหาชน,8396
601,นครราชสีมา,8,1,เรือเอก,ศิริเกษ,กุลประเสริฐ,ชาติไทย,6817
602,นครราชสีมา,9,9,นาย,สมศักดิ์,โสมกลาง,ไทยรักไทย,35126
603,นครราชสีมา,9,11,นาย,ประพัฒน์,วิเศษจินดาวัฒน์,มหาชน,13125
604,นครราชสีมา,9,4,นาย,วันชัย,นงค์สูงเนิน,ประชาธิปัตย์,11018
605,นครราชสีมา,9,1,นาย,จิรยุทธ,บุญแต่ง,ชาติไทย,2157
606,นครราชสีมา,9,15,จ่าสิบเอก,สุรศักดิ์,พร้อมจะบก,ชาติประชาธิปไตย,263
607,นครราชสีมา,10,9,ว่าที่ร้อยตรี,ไพโรจน์,สุวรรณฉวี,ไทยรักไทย,52941
608,นครราชสีมา,10,11,นาย,บุญช่วย,วัฒนานันทวิไล,มหาชน,13711
609,นครราชสีมา,10,4,นาย,สิทธิพงษ์,ระหาญนอก,ประชาธิปัตย์,960
610,นครราชสีมา,11,9,นาย,บุญจง,วงศ์ไตรรัตน์,ไทยรักไทย,56903
611,นครราชสีมา,11,11,นาย,มีชัย,จิตต์พิพัฒน์,มหาชน,32933
612,นครราชสีมา,11,4,นาง,กาญจนา,บุญมีศิริทิพงศ์,ประชาธิปัตย์,1483
613,นครราชสีมา,12,9,นาย,สุภรณ์,อัตถาวงศ์,ไทยรักไทย,57152
614,นครราชสีมา,12,11,พันตำรวจโท,ปฏิวัติ,นาคำ,มหาชน,18390
615,นครราชสีมา,12,4,นาย,สายัณห์,สำนักโนน,ประชาธิปัตย์,2562
616,นครราชสีมา,12,1,นาย,ธีรพล,รัตนประยูร,ชาติไทย,1003
617,นครราชสีมา,12,10,นาย,ฉัตรบรรจง,เพ็ชรจีนพะเนา,ความหวังใหม่,383
618,นครราชสีมา,13,9,นาย,สมศักดิ์,พันธ์เกษม,ไทยรักไทย,59920
619,นครราชสีมา,13,4,นาย,สมบุญ,วัชรเมฆินทร์,ประชาธิปัตย์,8659
620,นครราชสีมา,13,1,นาย,สมศักดิ์,กุลละวณิชย์,ชาติไทย,5643
621,นครราชสีมา,13,11,นาย,สมศักดิ์,ฉิ่งสระน้อย,มหาชน,5339
622,นครราชสีมา,14,9,พันตำรวจโท,สมชาย,เพศประเสริฐ,ไทยรักไทย,69753
623,นครราชสีมา,14,4,ว่าที่เรือตรี,ดร.ศรีสุดา,เลิศยิ่งเจริญชัย,ประชาธิปัตย์,10585
624,นครราชสีมา,14,11,นาย,เวสารัช,สุดเดือน,มหาชน,5101
625,นครราชสีมา,14,5,นาย,ภูมิศาสตร์,บุญมา,ประชาชนไทย,451
626,นครราชสีมา,15,9,นาย,ประเสริฐ,จันทรรวงทอง,ไทยรักไทย,45214
627,นครราชสีมา,15,11,นาย,สาธิต,ด่านกุล,มหาชน,7410
628,นครราชสีมา,15,4,นาย,สมบูรณ์,จีระมะกร,ประชาธิปัตย์,2750
629,นครราชสีมา,15,1,นาย,บุญยงค์,จันทร์แสง,ชาติไทย,718
630,นครราชสีมา,16,9,นาย,วิสิทธิ์,พิทยาภรณ์,ไทยรักไทย,55665
631,นครราชสีมา,16,11,นาย,บุญเลิศ,ครุฑขุนทด,มหาชน,17324
632,นครราชสีมา,16,4,นาง,ดารา,เกตกะโกมล,ประชาธิปัตย์,2047
633,นครศรีธรรมราช,1,4,นาย,สุรินทร์,พิศสุวรรณ,ประชาธิปัตย์,39915
634,นครศรีธรรมราช,1,9,นาย,กณพ,เกตุชาติ,ไทยรักไทย,29629
635,นครศรีธรรมราช,1,11,นาย,ประดิษฐ์,ทองคณารักษ์,มหาชน,105
636,นครศรีธรรมราช,1,10,นาย,สุธรรม,จันทร์แก้ว,ความหวังใหม่,100
637,นครศรีธรรมราช,2,4,นาย,สุรเชษฐ์,มาศดิตถ์,ประชาธิปัตย์,51795
638,นครศรีธรรมราช,2,9,นาย,อิสระ,หัสดินทร์,ไทยรักไทย,14877
639,นครศรีธรรมราช,2,11,นาย,วันประทีป,วาระเพียง,มหาชน,7584
640,นครศรีธรรมราช,3,4,นางสาว,นริศา,อดิเทพวรพันธุ์,ประชาธิปัตย์,51257
641,นครศรีธรรมราช,3,9,นาย,นัฎฐ์ประชา,เกื้อสกุล,ไทยรักไทย,19385
642,นครศรีธรรมราช,4,4,นาย,มาโนชญ์,วิชัยกุล,ประชาธิปัตย์,45094
643,นครศรีธรรมราช,4,9,นาย,ณัฐวุฒิ,ใสยเกื้อ,ไทยรักไทย,27870
644,นครศรีธรรมราช,4,1,พันตำรวจตรี,วัตรภู,อาจหาญ,ชาติไทย,6037
645,นครศรีธรรมราช,5,4,นาย,ชินวรณ์,บุณยเกียรติ,ประชาธิปัตย์,60779
646,นครศรีธรรมราช,5,9,นาง,วีรวรรณ,จงจิตรศิริจิรกาล,ไทยรักไทย,14107
647,นครศรีธรรมราช,5,11,นาย,กิตติ,วุธรา,มหาชน,2871
648,นครศรีธรรมราช,5,1,นาย,ชยุตม์,ลิ้มประสิทธิ์วงศ์,ชาติไทย,841
649,นครศรีธรรมราช,6,4,นาย,เทพไท,เสนพงศ์,ประชาธิปัตย์,61470
650,นครศรีธรรมราช,6,9,นาย,อารีย์,พลรัฐธนาสิทธิ์,ไทยรักไทย,19995
651,นครศรีธรรมราช,6,10,นาง,สุชิลา,สุขเรือง,ความหวังใหม่,198
652,นครศรีธรรมราช,7,4,นาย,ประกอบ,รัตนพันธ์,ประชาธิปัตย์,50849
653,นครศรีธรรมราช,7,9,นาย,วิทูร,กรุณา,ไทยรักไทย,22825
654,นครศรีธรรมราช,7,1,นาย,วีระศักดิ์,อนุเคราะห์กุล,ชาติไทย,1125
655,นครศรีธรรมราช,8,4,นาย,อภิชาต,ศักดิเศรษฐ์,ประชาธิปัตย์,51389
656,นครศรีธรรมราช,8,9,นาย,อาคม,สุวรรณนพ,ไทยรักไทย,11787
657,นครศรีธรรมราช,9,4,นาย,อภิชาต,การิกาญจน์,ประชาธิปัตย์,41141
658,นครศรีธรรมราช,9,11,นาย,ประกอบ,คงพรหม,มหาชน,10602
659,นครศรีธรรมราช,9,9,นาย,บุญเรือง,วุฒิวงศ์,ไทยรักไทย,9030
660,นครศรีธรรมราช,9,1,นาย,ชนะวัฒน์,ษารักษ์,ชาติไทย,3045
661,นครศรีธรรมราช,9,5,นาย,ชัยพร,ชัยฤทธิ์,ประชาชนไทย,614
662,นครศรีธรรมราช,10,4,นาย,วิทยา,แก้วภราดัย,ประชาธิปัตย์,46565
663,นครศรีธรรมราช,10,9,นาย,เร็วจริง,รัตนวิชา,ไทยรักไทย,7900
664,นครศรีธรรมราช,10,11,นาย,สุณัณฐ์,พัชรครุกานนท์,มหาชน,4816
665,นครศรีธรรมราช,10,10,นาย,เกริก,เศวตสกุลานนท์,ความหวังใหม่,133
666,นครสวรรค์,1,9,นาย,สมชัย,เจริญชัยฤทธิ์,ไทยรักไทย,38173
667,นครสวรรค์,1,4,นาย,สงกรานต์,จิตสุทธิภากร,ประชาธิปัตย์,23169
668,นครสวรรค์,1,1,พันตำรวจเอก,วีระศักติ์,ชลายนคุปต์,ชาติไทย,16079
669,นครสวรรค์,1,11,นาย,วีรยุทธ,เจิดนภาพันธ์,มหาชน,1613
670,นครสวรรค์,1,17,นาย,นเรศ,อยู่สนิท,ทางเลือกที่สาม,225
671,นครสวรรค์,1,10,นาย,กิติพงศ์,ภู่โพธิ์,ความหวังใหม่,185
672,นครสวรรค์,2,9,นาย,เกษม,ปานอุดมลักษณ์,ไทยรักไทย,57717
673,นครสวรรค์,2,4,นาย,สมบัติ,เสมือนโพธิ์,ประชาธิปัตย์,7288
674,นครสวรรค์,2,11,นาย,ปัญญา,คล้ายแจ้ง,มหาชน,4380
675,นครสวรรค์,2,1,นาย,รพีภัทร,องค์วิศิษฐ์,ชาติไทย,2633
676,นครสวรรค์,3,9,นาย,วีระกร,คำประกอบ,ไทยรักไทย,43372
677,นครสวรรค์,3,4,นาย,สมควร,โอบอ้อม,ประชาธิปัตย์,30749
678,นครสวรรค์,3,1,ร้อยตำรวจโท,สุรัตน์ชัย,เฉลยคาม,ชาติไทย,2060
679,นครสวรรค์,4,9,นาย,สัญชัย,วงษ์สุนทร,ไทยรักไทย,44235
680,นครสวรรค์,4,1,นางสาว,สุภัตรา,วิมลสมบัติ,ชาติไทย,28723
681,นครสวรรค์,4,4,นาย,สันตสิริ,อินทรสูต,ประชาธิปัตย์,3640
682,นครสวรรค์,4,11,นาย,พิชญธร,รอดบำรุง,มหาชน,942
683,นครสวรรค์,5,9,นาย,เมธี,ฉัตรจินดารัตน์,ไทยรักไทย,43026
684,นครสวรรค์,5,1,นาย,พีระเดช,ศิริวันสาณฑ์,ชาติไทย,35029
685,นครสวรรค์,5,4,นาย,ชาญ,สร้อยจำปา,ประชาธิปัตย์,1883
686,นครสวรรค์,6,9,พันตำรวจโท,บรรยิน,ตั้งภากรณ์,ไทยรักไทย,37605
687,นครสวรรค์,6,1,นาย,พรพิศิษฐ์,แจ่มใส,ชาติไทย,26738
688,นครสวรรค์,6,4,จ่าตรี,วิริยะ,วรรณทอง,ประชาธิปัตย์,3375
689,นครสวรรค์,7,9,นาย,นิโรธ,สุนทรเลขา,ไทยรักไทย,34496
690,นครสวรรค์,7,1,นาย,ประสาท,ตันประเสริฐ,ชาติไทย,29289
691,นครสวรรค์,7,4,นาย,สำรอง,เยี่ยงยงค์,ประชาธิปัตย์,5349
692,นครสวรรค์,7,11,นาย,เสรี,มูลมณี,มหาชน,1140
693,นนทบุรี,1,9,นาย,นิทัศน์,ศรีนนท์,ไทยรักไทย,40824
694,นนทบุรี,1,4,นาย,ประกอบ,สังข์โต,ประชาธิปัตย์,22879
695,นนทบุรี,1,11,นาย,เอกวัฒน์,หอมเศรษฐี,มหาชน,5272
696,นนทบุรี,2,9,นาย,อุดมเดช,รัตนเสถียร,ไทยรักไทย,47291
697,นนทบุรี,2,4,นาย,ชายน้อย,จอนแจ้ง,ประชาธิปัตย์,30006
698,นนทบุรี,2,11,นาย,วุฒิ,อัศวนิโครธร,มหาชน,2071
699,นนทบุรี,3,9,นาง,พิมพา,จันทร์ประสงค์,ไทยรักไทย,48318
700,นนทบุรี,3,4,นาย,วิภาส,สุชาติล้ำพงศ์,ประชาธิปัตย์,35907
701,นนทบุรี,3,11,นาย,ประจญ,ไทรเมือง,มหาชน,1523
702,นนทบุรี,4,9,พันเอก ดอกเตอร์,อภิวันท์,วิริยะชัย,ไทยรักไทย,50739
703,นนทบุรี,4,4,นาย,ทศพล,เพ็งส้ม,ประชาธิปัตย์,29378
704,นนทบุรี,4,11,นาย,อุทัยสิทธิ์,ตรีบุญเมือง,มหาชน,1662
705,นนทบุรี,4,7,ว่าที่เรือตรี,ดร.สุธรรม,เลิศพงษ์ประเสริฐ,ธรรมชาติไทย,359
706,นนทบุรี,5,9,นาย,สุชาติ,บรรดาศักดิ์,ไทยรักไทย,46685
707,นนทบุรี,5,4,นาย,สมบัติ,สิทธิกรวงศ์,ประชาธิปัตย์,22866
708,นนทบุรี,5,11,นาย,อภิศักดิ์,ลี้กุลเจริญ,มหาชน,12382
709,นนทบุรี,6,9,นาย,ฉลอง,เรี่ยวแรง,ไทยรักไทย,52045
710,นนทบุรี,6,4,นาย,ธรรมธัชม์,เจนเจริญรุ่งโรจน์,ประชาธิปัตย์,17412
711,นนทบุรี,6,1,นาย,ยงยุทธ,แก้วน้อย,ชาติไทย,4675
712,นนทบุรี,6,11,นาย,สงกรานต์,อัจฉริยะทรัพย์,มหาชน,1456
713,นนทบุรี,6,7,พลตรี,เศก,ทองไถ้ผา,ธรรมชาติไทย,710
714,นนทบุรี,6,17,นาย,ธเนศ,สอนสิทธิ์,ทางเลือกที่สาม,252
715,นราธิวาส,1,4,นาย,เจะอามิง,โตะตาหยง,ประชาธิปัตย์,33927
716,นราธิวาส,1,9,นาง,พรพิชญ์,พัฒนกุลเลิศ,ไทยรักไทย,16329
717,นราธิวาส,1,11,นาย,วาร์มูฮำหมัด,บินแวดาโอะ,มหาชน,13488
718,นราธิวาส,1,1,นาย,อรรถพล,มามะ,ชาติไทย,5587
719,นราธิวาส,1,10,นาย,พิศิษฐ,ฉายศิริ,ความหวังใหม่,3442
720,นราธิวาส,2,4,นาย,สุรเชษฐ์,แวอาแซ,ประชาธิปัตย์,36653
721,นราธิวาส,2,9,นาย,สมรรถ,วาหลง,ไทยรักไทย,24717
722,นราธิวาส,2,1,นาย,อับดุลอาซิ,หามะ,ชาติไทย,6656
723,นราธิวาส,2,11,นาย,สิทธิเดช,สนิทสำนาน,มหาชน,1462
724,นราธิวาส,2,5,นางสาว,แวนูรีซัน,แวนามะ,ประชาชนไทย,897
725,นราธิวาส,3,1,นาย,กูเฮง,ยาวอหะซัน,ชาติไทย,23858
726,นราธิวาส,3,9,นาย,นัจมุดดีน,อูมา,ไทยรักไทย,22189
727,นราธิวาส,3,4,นาย,แวฮามะ,บากา,ประชาธิปัตย์,21717
728,นราธิวาส,3,11,นาย,ตายูดิน,อุสมาน,มหาชน,2784
729,นราธิวาส,3,5,นาย,รอมือลี,มะลี,ประชาชนไทย,383
730,นราธิวาส,3,10,นาย,มุสลิม,บากา,ความหวังใหม่,326
731,นราธิวาส,4,4,นาย,อดุลย์,สาฮีบาตู,ประชาธิปัตย์,39497
732,นราธิวาส,4,9,นาย,สอุดี,ภูมิบุตร,ไทยรักไทย,22801
733,นราธิวาส,4,11,นาย,อาหะมะรูซี,เจ๊ะคอ,มหาชน,10714
734,นราธิวาส,4,1,นาย,มาหะมะตอยี,ละเลง,ชาติไทย,3284
735,นราธิวาส,4,10,นาย,มาหะมะนารอด๊ะ,ขะ,ความหวังใหม่,1105
736,น่าน,1,9,นาง,สิรินทร,รามสูต,ไทยรักไทย,46809
737,น่าน,1,4,นาง,สุกัญญา,ณ ลำพูน,ประชาธิปัตย์,18595
738,น่าน,1,11,นาย,ดุสิต,เต็งไตรรัตน์,มหาชน,10232
739,น่าน,1,10,นางสาว,มยุรี,วรรณสกุลเจริญ,ความหวังใหม่,2679
740,น่าน,1,6,นาย,ชูพงษ์,รัตนตานนท์,คนขอปลดหนี้,1674
741,น่าน,2,9,นาย,ชลน่าน,ศรีแก้ว,ไทยรักไทย,53335
742,น่าน,2,1,นาย,ชัยวุฒิ,คูอาริยะกุล,ชาติไทย,16299
743,น่าน,2,11,นาย,ปฏิวัส,ธนะไพศาล,มหาชน,7561
744,น่าน,2,4,นาย,ธเนศ,ตาชม,ประชาธิปัตย์,2364
745,น่าน,2,6,นาย,ประดิษฐ์,พิเคราะห์,คนขอปลดหนี้,1508
746,น่าน,3,9,นาย,วัลลภ,สุปริยศิลป์,ไทยรักไทย,35802
747,น่าน,3,4,นาย,ตะวัน,สวนนันท์,ประชาธิปัตย์,13055
748,น่าน,3,11,นาย,อาณัติ,จริยโกมล,มหาชน,11290
749,น่าน,3,6,พันตำรวจตรี,จักรวาล,แสนสุข,คนขอปลดหนี้,4578
750,น่าน,3,1,พลโท,เชิดชัย,สร้อยทอง,ชาติไทย,3445
751,บุรีรัมย์,1,9,นาย,ประสิทธิ์,ตั้งศรีเกียรติกุล,ไทยรักไทย,49835
752,บุรีรัมย์,1,1,นาง,นาตยา,สุขเกษม,ชาติไทย,9105
753,บุรีรัมย์,1,4,นาย,จารุพงศ์,สมอารยพงศ์,ประชาธิปัตย์,7751
754,บุรีรัมย์,1,11,นาย,ประเสริฐ,เลิศยะโส,มหาชน,2689
755,บุรีรัมย์,2,9,นาง,กรุณา,ชิดชอบ,ไทยรักไทย,57264
756,บุรีรัมย์,2,4,นาย,ชูเกียรติ,วิสูตรตระการ,ประชาธิปัตย์,4814
757,บุรีรัมย์,2,1,นาย,ธีรวัฒน์,ฉัพพรรณรังสี,ชาติไทย,1748
758,บุรีรัมย์,2,5,นาง,วารุณีพร,เพ็งประโคน,ประชาชนไทย,574
759,บุรีรัมย์,2,21,นาย,อนุชิต,ดิษฐประสพ,รักษ์แผ่นดินไทย,305
760,บุรีรัมย์,3,9,นาย,ศักดิ์สยาม,ชิดชอบ,ไทยรักไทย,59336
761,บุรีรัมย์,3,11,ว่าที่ร้อยตรี,เสนาะ,พรมสวัสดิ์,มหาชน,4763
762,บุรีรัมย์,3,4,นาย,วีระยุทธ,พะโรงรัมย์,ประชาธิปัตย์,1585
763,บุรีรัมย์,3,5,นาย,ประดิษฐ์,แสนทวีสุข,ประชาชนไทย,324
764,บุรีรัมย์,4,9,นาย,สุรศักดิ์,นาคดี,ไทยรักไทย,37295
765,บุรีรัมย์,4,1,นาย,รังสิกร,ทิมาตฤกะ,ชาติไทย,26749
766,บุรีรัมย์,4,11,นาย,กฤศ,อุปจันทร์,มหาชน,2553
767,บุรีรัมย์,4,10,นาย,ชูศักดิ์,พนมสินธุ์,ความหวังใหม่,204
768,บุรีรัมย์,5,9,นาย,พีระพงษ์,เฮงสวัสดิ์,ไทยรักไทย,34169
769,บุรีรัมย์,5,1,นาย,ปณวัตร,เลี้ยงผ่องพันธ์,ชาติไทย,33618
770,บุรีรัมย์,5,4,นาย,มนูญ,มนูขจร,ประชาธิปัตย์,1048
771,บุรีรัมย์,5,11,นาย,วุฒิพงษ์,เหลืองอุดมชัย,มหาชน,408
772,บุรีรัมย์,6,9,นาย,โสภณ,ซารัมย์,ไทยรักไทย,46197
773,บุรีรัมย์,6,1,นาย,สหภพ,เลี้ยงผ่องพันธ์,ชาติไทย,17072
774,บุรีรัมย์,6,4,นาย,นพรัตน์,ฉิมรัมย์,ประชาธิปัตย์,2562
775,บุรีรัมย์,6,15,นาย,สุคน,แก้วกล้า,ชาติประชาธิปไตย,631
776,บุรีรัมย์,6,11,นาย,ประกิต,ประดับพงษา,มหาชน,426
777,บุรีรัมย์,6,10,นาย,ปริวัชร,มณีเติม,ความหวังใหม่,413
778,บุรีรัมย์,7,9,นาย,ประกิจ,พลเดช,ไทยรักไทย,50745
779,บุรีรัมย์,7,11,นาย,ปราโมทย์,หอยมุกข์,มหาชน,10416
780,บุรีรัมย์,7,4,นาย,ภุชงค์,เลาหศิริวงค์,ประชาธิปัตย์,6283
781,บุรีรัมย์,7,1,นาย,สุทธินัน,จรเอ้กา,ชาติไทย,1186
782,บุรีรัมย์,7,5,นาย,รุ่งสุริยา,หอมวัน,ประชาชนไทย,456
783,บุรีรัมย์,7,10,นาย,พงศพัศ,พงศ์กิจรุ่งเรือง,ความหวังใหม่,347
784,บุรีรัมย์,8,9,นาย,โสภณ,เพชรสว่าง,ไทยรักไทย,51189
785,บุรีรัมย์,8,1,นาย,สุรเชษฐ์,กฤตยเรืองโรจน์,ชาติไทย,21033
786,บุรีรัมย์,8,4,นาย,ปรีชา,เข็มบุบผา,ประชาธิปัตย์,1835
787,บุรีรัมย์,8,11,นาย,วัชรินทร์,ฉันทะกุล,มหาชน,998
788,บุรีรัมย์,8,10,นาย,สุริยา,วงศ์เพ็ญ,ความหวังใหม่,263
789,บุรีรัมย์,9,9,นาย,ขจรธน,จุดโต,ไทยรักไทย,38082
790,บุรีรัมย์,9,4,นาย,สมนึก,เฮงวาณิชย์,ประชาธิปัตย์,26294
791,บุรีรัมย์,9,11,พันตำรวจเอก,ไพโรจน์,เลิศวิไล,มหาชน,1430
792,บุรีรัมย์,9,5,นาย,พุทธพงศ์,จันทะโคตร,ประชาชนไทย,206
793,บุรีรัมย์,10,9,นาย,ทรงศักดิ์,ทองศรี,ไทยรักไทย,37941
794,บุรีรัมย์,10,11,นาย,ภูมิสิทธิ์,มาประจง,มหาชน,12924
795,บุรีรัมย์,10,10,นาย,โอภาส,ปุยะติ,ความหวังใหม่,7355
796,บุรีรัมย์,10,4,นาย,สุรวุฒิ,เงางาม,ประชาธิปัตย์,3757
797,บุรีรัมย์,10,5,นาย,สัญชัย,ทะนานทอง,ประชาชนไทย,243
798,ปทุมธานี,1,9,นาย,สุรพงษ์,อึ้งอัมพรวิไล,ไทยรักไทย,62455
799,ปทุมธานี,1,4,นาย,อภินันท์,ช่วยบำรุง,ประชาธิปัตย์,15957
800,ปทุมธานี,2,1,นาย,เอกพจน์,ปานแย้ม,ชาติไทย,32823
801,ปทุมธานี,2,9,ว่าที่ร้อยตรี,สุเมธ,ฤทธาคนี,ไทยรักไทย,28195
802,ปทุมธานี,2,4,นาย,อุทัย,บัวทอง,ประชาธิปัตย์,19115
803,ปทุมธานี,2,11,นาง,ประเสริฐศรี,ฮ้อแสงชัย,มหาชน,1670
804,ปทุมธานี,2,21,นาง,รัฐพร,ศิลปชัย,เผ่าไท,72
805,ปทุมธานี,3,9,นาย,วรัญญู,เทพหัสดิน ณ อยุธยา,ไทยรักไทย,54086
806,ปทุมธานี,3,4,นาย,อานนท์,นุ่นสุข,ประชาธิปัตย์,21568
807,ปทุมธานี,3,11,นาย,จำลอง,พรมสวัสดิ์,มหาชน,2477
808,ปทุมธานี,4,9,นาย,ลิขิต,หมู่ดี,ไทยรักไทย,50216
809,ปทุมธานี,4,4,นาย,สุนทร,อุ่มบางตลาด,ประชาธิปัตย์,23683
810,ปทุมธานี,4,1,พันตำรวจโท,อดิศร,ด้วงพูล,ชาติไทย,5224
811,ปทุมธานี,5,9,นาย,ชูชาติ,หาญสวัสดิ์,ไทยรักไทย,37131
812,ปทุมธานี,5,4,นาย,ธีระวัฒน์,หลีนวรัตน์,ประชาธิปัตย์,23765
813,ปทุมธานี,5,1,นาย,เชาวฤทธิ์,พุทธนิตย์,ชาติไทย,9906
814,ปทุมธานี,5,11,นาย,วิเชียร,พิมพ์มหา,มหาชน,2365
815,ปทุมธานี,5,10,นาย,โสภณ,เจริญลาภ,ความหวังใหม่,227
816,ประจวบคีรีขันธ์,1,4,นาย,มนตรี,ปาน้อยนนท์,ประชาธิปัตย์,46812
817,ประจวบคีรีขันธ์,1,9,นาย,พีระ,สุกิจปาณีนิจ,ไทยรักไทย,25457
818,ประจวบคีรีขันธ์,1,11,นาย,พีระพล,ประจวบเหมาะ,มหาชน,6659
819,ประจวบคีรีขันธ์,2,4,นาย,เฉลิมชัย,ศรีอ่อน,ประชาธิปัตย์,43896
820,ประจวบคีรีขันธ์,2,9,นาย,พรเทพ,วิสุทธิ์วัฒนศักดิ์,ไทยรักไทย,43032
821,ประจวบคีรีขันธ์,3,4,นาย,ประมวล,พงศ์ถาวราเดช,ประชาธิปัตย์,51184
822,ประจวบคีรีขันธ์,3,9,นาง,อดาวัลย์,พูลธรัตน์,ไทยรักไทย,19262
823,ประจวบคีรีขันธ์,3,1,นาง,วัชรี,กลั่นศรี,ชาติไทย,2927
824,ประจวบคีรีขันธ์,3,11,นาย,สุวรรณ,ทองกรอย,มหาชน,1518
825,ปราจีนบุรี,1,9,นาง,กนกวรรณ,วิลาวัลย์ ศรีจันทร์งาม,ไทยรักไทย,49041
826,ปราจีนบุรี,1,4,นาย,ปกรณ์,คืนคงดี,ประชาธิปัตย์,16935
827,ปราจีนบุรี,2,9,นาย,คงกฤช,หงษ์วิไล,ไทยรักไทย,49737
828,ปราจีนบุรี,2,11,นาง,เขมา,สมใจ,มหาชน,23840
829,ปราจีนบุรี,2,4,นาย,บุญเลิศ,ผาพันธุ์,ประชาธิปัตย์,2988
830,ปราจีนบุรี,3,9,นาย,ชยุต,ภุมมะกาญจนะ,ไทยรักไทย,39432
831,ปราจีนบุรี,3,11,พลตรี,สิทธิ์,สิทธิมงคล,มหาชน,35626
832,ปราจีนบุรี,3,4,นาย,พิษณุ,อุดมทรัพย์,ประชาธิปัตย์,2361
833,ปัตตานี,1,4,นาย,อันวาร์,สาและ,ประชาธิปัตย์,28554
834,ปัตตานี,1,11,นาย,สมมุติ,เบ็ญจลักษณ์,มหาชน,21194
835,ปัตตานี,1,9,นาย,วัยโรจน์,พิพิธภักดี,ไทยรักไทย,15663
836,ปัตตานี,1,1,นาย,รอสเด่น,อีซอ,ชาติไทย,703
837,ปัตตานี,2,4,นาย,อิสมาแอล,ยีดอรอแม,ประชาธิปัตย์,41968
838,ปัตตานี,2,1,นาย,อุดมพันธ์,มากสุวรรณ,ชาติไทย,14559
839,ปัตตานี,2,9,พันตำรวจโท,เจ๊ะอิสมาแอ,เจ๊ะโมง,ไทยรักไทย,8532
840,ปัตตานี,2,11,นาย,อิสมาอีล,เบญจสมิทธิ์,มหาชน,3993
841,ปัตตานี,3,4,นาย,โมฮามัดยาสรี,ยูซง,ประชาธิปัตย์,33385
842,ปัตตานี,3,9,นาย,สมมารถ,เจ๊ะนา,ไทยรักไทย,20763
843,ปัตตานี,3,11,นาย,มูฮำมัดอารีฟีน,จะปะกิยา,มหาชน,11343
844,ปัตตานี,4,4,นาย,ซาตา,อาแวกือจิ,ประชาธิปัตย์,28769
845,ปัตตานี,4,9,นาย,มุข,สุไลมาน,ไทยรักไทย,13921
846,ปัตตานี,4,11,นาย,ยุซุฟ,ดอเลาะ,มหาชน,12178
847,ปัตตานี,4,10,นาย,นุรดีน,มะดีเยาะ,ความหวังใหม่,1067
848,ปัตตานี,4,5,นาย,มูฮำหมัดสุกกรี,ดอเลาะ,ประชาชนไทย,512
849,พระนครศรีอยุธยา,1,9,นาย,เกื้อกูล,ด่านชัยวิจิตร,ไทยรักไทย,46591
850,พระนครศรีอยุธยา,1,11,นาย,สุรเชษฐ,ชัยโกศล,มหาชน,22581
851,พระนครศรีอยุธยา,1,4,นาย,สุทัศน์,อติโรจนสกุล,ประชาธิปัตย์,7951
852,พระนครศรีอยุธยา,2,9,นาย,พ้อง,ชีวานันท์,ไทยรักไทย,60487
853,พระนครศรีอยุธยา,2,4,นาย,สมบูรณ์,มีนาค,ประชาธิปัตย์,9135
854,พระนครศรีอยุธยา,2,11,นาย,สุพจน์,ศักดิ์ดี,มหาชน,4745
855,พระนครศรีอยุธยา,2,1,นาย,สิทธิศักดิ์,ทองศรี,ชาติไทย,2397
856,พระนครศรีอยุธยา,3,9,นางสาว,สุวิมล,พันธ์เจริญวรกุล,ไทยรักไทย,67011
857,พระนครศรีอยุธยา,3,4,พันตำรวจโท,มนัส,ธนะสาร,ประชาธิปัตย์,8514
858,พระนครศรีอยุธยา,3,11,นาย,กิตติ,จูปรางค์,มหาชน,5652
859,พระนครศรีอยุธยา,4,9,นาย,วิทยา,บุรณศิริ,ไทยรักไทย,63890
860,พระนครศรีอยุธยา,4,4,นาย,สมบัติ,ทัพประยูร,ประชาธิปัตย์,9993
861,พระนครศรีอยุธยา,4,10,นาย,บุญชอบ,อินทรักษาทรัพย์,ความหวังใหม่,1118
862,พระนครศรีอยุธยา,5,9,นาย,บุญพันธ์,แขวัฒนะ,ไทยรักไทย,47568
863,พระนครศรีอยุธยา,5,4,นาย,มนตรี,จันทร,ประชาธิปัตย์,15370
864,พระนครศรีอยุธยา,5,11,นาย,บุญส่ง,กุศลเอี่ยม,มหาชน,5818
865,พระนครศรีอยุธยา,5,1,นาย,สุรัตน์ชัย,บุญมีนิยม,ชาติไทย,4277
866,พะเยา,1,9,นางสาว,อรุณี,ชำนาญยา,ไทยรักไทย,51739
867,พะเยา,1,11,นาย,ครูนิตย์,ปิงเมือง,มหาชน,19959
868,พะเยา,1,4,นาง,วัชรี,พงษ์พันธุ์ชัชวาล,ประชาธิปัตย์,9946
869,พะเยา,2,9,นาย,วิสุทธิ์,ไชยดรุณ,ไทยรักไทย,61097
870,พะเยา,2,4,นาย,อนุชา,มุสิกะ,ประชาธิปัตย์,9324
871,พะเยา,2,11,นาย,กู้เกียรติ,ชูศักดิ์สกุลวิบูลย์,มหาชน,7341
872,พะเยา,2,6,นางสาว,รัชฎาพร,ทองคำ,คนขอปลดหนี้,1982
873,พะเยา,3,9,นาย,ไพโรจน์,ตันบรรจง,ไทยรักไทย,56795
874,พะเยา,3,11,นางสาว,มัลลิกา,บุญมีตระกูล,มหาชน,22156
875,พะเยา,3,1,นาย,บัณฑิต,ไชยมงคล,ชาติไทย,3844
876,พะเยา,3,4,นาย,ประพันธ์,สิงห์ชัย,ประชาธิปัตย์,2942
877,พะเยา,3,6,นางสาว,อุรัสยา,ขันแก้ว,คนขอปลดหนี้,1271
878,พังงา,1,4,นาง,กันตวรรณ,ตันเสถียร กุลจรรยาวิวัฒน์,ประชาธิปัตย์,47798
879,พังงา,1,9,นาย,ปราโมทย์,แหล่ทองคำ,ไทยรักไทย,14210
880,พังงา,1,1,นาย,ธำรงณ์ศักดิ์,บุญรักษ์,ชาติไทย,891
881,พังงา,2,9,นาย,กฤษ,ศรีฟ้า,ไทยรักไทย,33494
882,พังงา,2,4,นาย,จุฤทธิ์,ลักษณวิศิษฏ์,ประชาธิปัตย์,30961
883,พัทลุง,1,4,นาย,สุพัฒน์,ธรรมเพชร,ประชาธิปัตย์,62835
884,พัทลุง,1,9,นาย,ธนภัทร,เหมือนจันทร์,ไทยรักไทย,22857
885,พัทลุง,1,1,นาย,กู้ชาติ,ชายเกตุ,ชาติไทย,1336
886,พัทลุง,1,10,นาย,ยืนยง,พืชมงคล,ความหวังใหม่,411
887,พัทลุง,2,4,นาย,นิพิฏฐ์,อินทร์สมบัติ,ประชาธิปัตย์,44729
888,พัทลุง,2,9,นาย,คณนาถ,หมื่นหนู,ไทยรักไทย,37674
889,พัทลุง,2,11,นาย,สุชาติ,รักใหม่,มหาชน,9063
890,พัทลุง,2,1,นาย,อภินันท์,ชูดำ,ชาติไทย,1567
891,พัทลุง,2,10,นาย,สมชาย,ใจดำ,ความหวังใหม่,326
892,พัทลุง,3,4,นาย,นริศ,ขำนุรักษ์,ประชาธิปัตย์,56494
893,พัทลุง,3,9,นาย,สุพัฒน์,แก้วจันทร์,ไทยรักไทย,30065
894,พัทลุง,3,1,นาย,ทรงภพ,สมถวิล,ชาติไทย,1116
895,พัทลุง,3,10,นาย,เขมาวุฒิ,สุวรรณ์,ความหวังใหม่,156
896,พิจิตร,1,4,นาย,ประดิษฐ์,ภัทรประสิทธิ์,ประชาธิปัตย์,38360
897,พิจิตร,1,9,นาย,เสริมสุข,เหลาหชัยอรุณ,ไทยรักไทย,29662
898,พิจิตร,2,9,นางสาว,สุณีย์,เหลืองวิจิตร,ไทยรักไทย,35510
899,พิจิตร,2,4,นาย,นราพัฒน์,แก้วทอง,ประชาธิปัตย์,34044
900,พิจิตร,2,18,นางสาว,พัชราภรณ์,แก้วทอง,รักษ์ถิ่นไทย,115
901,พิจิตร,3,9,นาย,นาวิน,บุญเสรฐ,ไทยรักไทย,34265
902,พิจิตร,3,11,นาย,ศิริวัฒน์,ขจรประศาสน์,มหาชน,30679
903,พิจิตร,3,4,นาย,วิทยา,กรวยศิริวงค์,ประชาธิปัตย์,1107
904,พิจิตร,4,9,พันตำรวจโท,อดุลย์,บุญเสรฐ,ไทยรักไทย,52665
905,พิจิตร,4,4,นาย,ภาคภูมิ,ถาวรกูล,ประชาธิปัตย์,11215
906,พิษณุโลก,1,4,นาย,วรงค์,เดชกิจวิกรม,ประชาธิปัตย์,39050
907,พิษณุโลก,1,9,นาย,พิทักษ์,สันติวงศ์เดชา,ไทยรักไทย,23587
908,พิษณุโลก,1,1,นาย,ราม,ตันรัตนวงศ์,ชาติไทย,4849
909,พิษณุโลก,1,11,พลโท,พิพัฒน์,เด็ดแก้ว,มหาชน,925
910,พิษณุโลก,2,9,นาย,มนต์ชัย,วิวัฒน์ธนาฒย์,ไทยรักไทย,51758
911,พิษณุโลก,2,4,นาย,พงษ์มนู,ทองหนัก,ประชาธิปัตย์,21268
912,พิษณุโลก,2,6,นาย,ปณชัย,จำปาแก้ว,คนขอปลดหนี้,1409
913,พิษณุโลก,2,1,นาย,ธีรการ,ศิริวุฒิการ,ชาติไทย,800
914,พิษณุโลก,2,5,นาย,ศรัทธา,เสมามิ่ง,ประชาชนไทย,187
915,พิษณุโลก,3,9,นาง,มยุรา,มนะสิการ,ไทยรักไทย,37147
916,พิษณุโลก,3,4,นาย,นพพล,เหลืองทองนารา,ประชาธิปัตย์,27420
917,พิษณุโลก,3,11,นาย,ยอด,นาคหวัง,มหาชน,2226
918,พิษณุโลก,3,6,นาย,ประสิทธิ์,คงจันทร์,คนขอปลดหนี้,2016
919,พิษณุโลก,3,1,ว่าที่ร้อยตรี,บุญเลิศ,จันทร์ประเสริฐ,ชาติไทย,1452
920,พิษณุโลก,4,9,นาย,นิยม,ช่างพินิจ,ไทยรักไทย,46038
921,พิษณุโลก,4,4,นาย,นพดล,สัจจัง,ประชาธิปัตย์,14916
922,พิษณุโลก,4,11,นาย,ไพโรจน์,ปานทอง,มหาชน,1442
923,พิษณุโลก,4,1,นาย,กฤษณ์,รื่นฤทธิ์,ชาติไทย,1120
924,พิษณุโลก,5,4,นาย,นคร,มาฉิม,ประชาธิปัตย์,29793
925,พิษณุโลก,5,9,นาย,ไกรสิทธิ์,ไกรสิทธิพงศ์,ไทยรักไทย,23730
926,พิษณุโลก,5,6,นาย,พูมคม,ศรีนรา,คนขอปลดหนี้,7951
927,พิษณุโลก,5,1,นาย,เรืองฤทธิ์,ศิริสวัสดิ์,ชาติไทย,5375
928,พิษณุโลก,5,11,นางสาว,ชุติกาญจน์,คำผงแดง,มหาชน,2339
929,พิษณุโลก,5,10,นาย,สมบัติ,จันทรา,ความหวังใหม่,253
930,พิษณุโลก,6,9,นาย,หัสนัยน์,สอนสิทธิ์,ไทยรักไทย,32279
931,พิษณุโลก,6,4,นาย,จุติ,ไกรฤกษ์,ประชาธิปัตย์,24177
932,พิษณุโลก,6,6,ว่าที่ร้อยตรี,เอกสิทธิ์,กิจถนอม,คนขอปลดหนี้,3024
933,พิษณุโลก,6,11,นาย,ชวสรร,เหลืองตระกูล,มหาชน,1620
934,พิษณุโลก,6,10,นาย,รุ่งทรัพย์,รุ่งเกียรติยศ,ความหวังใหม่,147
935,พิษณุโลก,6,18,นางสาว,บุษบา,ไกรฤกษ์,รักษ์ถิ่นไทย,90
936,เพชรบุรี,1,4,นาย,อลงกรณ์,พลบุตร,ประชาธิปัตย์,44397
937,เพชรบุรี,1,1,นาย,ปรีชา,สีน้ำเพชร,ชาติไทย,24131
938,เพชรบุรี,1,9,นาย,ราชศักดิ์,คล้ายคลึง,ไทยรักไทย,14638
939,เพชรบุรี,1,10,นาย,ภูวดล,ชมบริสุทธิ์,ความหวังใหม่,254
940,เพชรบุรี,2,9,นาย,ธานี,ยี่สาร,ไทยรักไทย,44812
941,เพชรบุรี,2,4,นาย,กัมพล,สุภาแพ่ง,ประชาธิปัตย์,34534
942,เพชรบุรี,2,11,นาย,อนิรุทธ์,บัวทอง,มหาชน,1283
943,เพชรบุรี,3,4,นาย,อภิชาติ,สุภาแพ่ง,ประชาธิปัตย์,43529
944,เพชรบุรี,3,9,นาย,ปิยะ,อังกินันทน์,ไทยรักไทย,29421
945,เพชรบุรี,3,1,นาย,ทัศกมล,โอบอ้อม,ชาติไทย,9367
946,เพชรบุรี,3,11,จ่าสิบตรี,สงวน,นาทวัฒน์หัตถพล,มหาชน,1194
947,เพชรบูรณ์,1,9,นาย,เรวัต,แสงวิจิตร,ไทยรักไทย,38697
948,เพชรบูรณ์,1,4,นาย,วิจิตร,พรพฤฒิพันธุ์,ประชาธิปัตย์,26741
949,เพชรบูรณ์,1,11,นาย,ชัยวัฒน์,เจริญศรีทอง,มหาชน,2882
950,เพชรบูรณ์,1,6,นาย,จักรพันธุ์,ศิริวงศ์,คนขอปลดหนี้,1539
951,เพชรบูรณ์,2,9,นาย,สุรศักดิ์,อนรรฆพันธ์,ไทยรักไทย,37718
952,เพชรบูรณ์,2,1,นาย,ศักดิ์ชัย,ลาภพรศิริกุล,ชาติไทย,11058
953,เพชรบูรณ์,2,4,นาย,อาทิตย์,มงคลกิติ,ประชาธิปัตย์,8613
954,เพชรบูรณ์,2,11,นาย,วรพิภัทร,พงศ์ธนพจน์,มหาชน,3460
955,เพชรบูรณ์,2,6,นาย,ณชภาดร,เจริญภูวดล,คนขอปลดหนี้,481
956,เพชรบูรณ์,3,9,นาย,ทวีศักดิ์,อนรรฆพันธ์,ไทยรักไทย,37832
957,เพชรบูรณ์,3,11,นาย,ชาญชัย,กิจประเสริฐ,มหาชน,17451
958,เพชรบูรณ์,3,4,นาย,บรรหาร,บุญเขต,ประชาธิปัตย์,1755
959,เพชรบูรณ์,3,6,นาย,ฤทธิชัย,ดีอ่ำ,คนขอปลดหนี้,563
960,เพชรบูรณ์,4,9,นาย,ณรงค์กร,ชวาลสันตติ,ไทยรักไทย,40986
961,เพชรบูรณ์,4,1,นาย,จรัส,พั้วช่วย,ชาติไทย,14247
962,เพชรบูรณ์,4,6,ร้อยโท,อเนก,ก้อนมณี,คนขอปลดหนี้,9820
963,เพชรบูรณ์,4,11,นาย,จรัญ,สายวัน,มหาชน,6382
964,เพชรบูรณ์,4,21,นาย,เทียนชัย,ชาญจึงถาวร,พลังธรรม,576
965,เพชรบูรณ์,4,5,นาย,ประหยัด,พลสวัสดิ์,ประชาชนไทย,312
966,เพชรบูรณ์,5,9,พันอากาศโท,กิตติคุณ,นาคะบุตร,ไทยรักไทย,37349
967,เพชรบูรณ์,5,1,นางสาว,สุมนี,รัตนเสถียร,ชาติไทย,24211
968,เพชรบูรณ์,5,4,นาย,อนุกูล,รัศมี,ประชาธิปัตย์,3881
969,เพชรบูรณ์,5,11,ว่าที่ร้อยโท,โอภาส,สุทธิเกิด,มหาชน,1269
970,เพชรบูรณ์,6,9,นาย,เอี่ยม,ทองใจสด,ไทยรักไทย,55520
971,เพชรบูรณ์,6,4,นาย,พิชัย,คนโทเงิน,ประชาธิปัตย์,10712
972,เพชรบูรณ์,7,9,นาย,ไพศาล,จันทรภักดี,ไทยรักไทย,30993
973,เพชรบูรณ์,7,1,นาย,จักรัตน์,พั้วช่วย,ชาติไทย,30562
974,เพชรบูรณ์,7,11,นาย,ชัยรัตน์,เหมมั่น,มหาชน,5411
975,เพชรบูรณ์,7,6,นาย,สุทธิพงษ์,ขันตี,คนขอปลดหนี้,5227
976,เพชรบูรณ์,7,4,นาย,เมธี,วินัยโรจน์,ประชาธิปัตย์,2808
977,แพร่,1,9,นาย,ทศพร,เสรีรักษ์,ไทยรักไทย,72144
978,แพร่,1,4,นาย,ประสงค์,ชุ่มเชย,ประชาธิปัตย์,17408
979,แพร่,1,11,นาย,สาโรจน์,ศุภศิริ,มหาชน,4402
980,แพร่,2,9,นาย,อนุวัธ,วงศ์วรรณ,ไทยรักไทย,55103
981,แพร่,2,4,นาง,ศิริวรรณ,ปราศจากศัตรู,ประชาธิปัตย์,30397
982,แพร่,2,11,นาย,พนมพันธ์,คำชื่น,มหาชน,1194
983,แพร่,3,9,นาย,วรวัจน์,เอื้ออภิญญกุล,ไทยรักไทย,49370
984,แพร่,3,4,นาย,สมชัย,จำปี,ประชาธิปัตย์,29527
985,แพร่,3,11,พลตรี,พิชิต,มีผดุง,มหาชน,1662
986,แพร่,3,6,นางสาว,ปนัดดา,นันทะญานา,คนขอปลดหนี้,1028
987,ภูเก็ต,1,4,นาย,สุวิทย์,เสงี่ยมกุล,ประชาธิปัตย์,45111
988,ภูเก็ต,1,9,นาง,ศรีญาดา,ปาลิมาพันธ์,ไทยรักไทย,23503
989,ภูเก็ต,2,4,นางสาว,เฉลิมลักษณ์,เก็บทรัพย์,ประชาธิปัตย์,43295
990,ภูเก็ต,2,9,นาย,วิสุทธิ์,สันติกุล,ไทยรักไทย,27222
991,มหาสารคาม,1,9,นาย,ทองหล่อ,พลโคตร,ไทยรักไทย,64234
992,มหาสารคาม,1,4,นาย,เชวงศักดิ์,พลลาภ,ประชาธิปัตย์,5894
993,มหาสารคาม,1,11,นาย,ชัยสิทธิ์,อัตถากร,มหาชน,4258
994,มหาสารคาม,1,10,นาย,เสกสรรค์,แก้วมาลา,ความหวังใหม่,536
995,มหาสารคาม,1,5,นาย,ยุทธพล,ศรีมุงคุณ,ประชาชนไทย,315
996,มหาสารคาม,2,9,นาย,สุชาติ,ศรีสังข์,ไทยรักไทย,53562
997,มหาสารคาม,2,4,นาย,ไถง,ปะติเส,ประชาธิปัตย์,9971
998,มหาสารคาม,2,11,นาย,ประจิตย์,ดาวเรือง,มหาชน,5921
999,มหาสารคาม,2,6,นาย,สุข,ม่วงแก้ว,คนขอปลดหนี้,606
1000,มหาสารคาม,2,10,นาย,จำรัส,จันทร์เปล่ง,ความหวังใหม่,219
1001,มหาสารคาม,2,5,นาย,จตุภูมิ,ศรีสุโท,ประชาชนไทย,183
1002,มหาสารคาม,3,9,นาย,สุชาติ,โชคชัยวัฒนากร,ไทยรักไทย,44948
1003,มหาสารคาม,3,4,นาย,ยุทธพงศ์,จรัสเสถียร,ประชาธิปัตย์,25175
1004,มหาสารคาม,3,11,นาย,ธนพจน์,หนุนพาณิชพงศ์,มหาชน,2282
1005,มหาสารคาม,3,10,นาย,เฉลียว,ไชยชาติ,ความหวังใหม่,386
1006,มหาสารคาม,4,9,นาย,ชาญชัย,ชัยรุ่งเรือง,ไทยรักไทย,39016
1007,มหาสารคาม,4,1,นาย,สรรพภัญญู,ศิริไปล์,ชาติไทย,21887
1008,มหาสารคาม,4,11,นาย,ชาฤทธิ์,ชัยพิสุทธิ์สกุล,มหาชน,10827
1009,มหาสารคาม,4,4,นาย,บรรจง,ทองจำปา,ประชาธิปัตย์,764
1010,มหาสารคาม,4,10,นาย,วสันต์,คงประทีป,ความหวังใหม่,188
1011,มหาสารคาม,4,5,นาย,วชิรุฬ,ธุระทำ,ประชาชนไทย,87
1012,มหาสารคาม,5,9,นาง,กุสุมาลวตี,ศิริโกมุท,ไทยรักไทย,49302
1013,มหาสารคาม,5,1,นาย,ประยุทธ์,ศิริพาณิชย์,ชาติไทย,28310
1014,มหาสารคาม,5,4,นาย,ศุภัทร์ลาภ,ทาสะโก,ประชาธิปัตย์,762
1015,มหาสารคาม,5,11,นาย,เลอสรรค์,สิทธิด่าง,มหาชน,713
1016,มหาสารคาม,5,10,นาย,บุญแสง,พิมล,ความหวังใหม่,200
1017,มหาสารคาม,5,13,นาย,จรัส,ชูคันหอม,ไทยช่วยไทย,44
1018,มหาสารคาม,6,9,นาย,กริช,กงเพชร,ไทยรักไทย,43733
1019,มหาสารคาม,6,1,นาย,มาโนช,เชาวรัตน์,ชาติไทย,27751
1020,มหาสารคาม,6,4,นาย,วารินทร์,โคตรศรีวงษ์,ประชาธิปัตย์,3665
1021,มหาสารคาม,6,11,นาย,จิรายุ,สังฆะมณี,มหาชน,1755
1022,มหาสารคาม,6,10,นาย,วรรัช,จำปามูล,ความหวังใหม่,981
1023,มหาสารคาม,6,5,นาย,ชรี,วารีศรี,ประชาชนไทย,179
1024,มุกดาหาร,1,9,นาย,ประมวลศิลป์,โภคสวัสดิ์,ไทยรักไทย,49709
1025,มุกดาหาร,1,1,นาง,วรศุลี,เชาว์ศิริกุล,ชาติไทย,26239
1026,มุกดาหาร,1,11,นาย,ประพันธ์,บรรลุศิลป์,มหาชน,790
1027,มุกดาหาร,1,4,นาง,มารศรี,ศรีประเสริฐ,ประชาธิปัตย์,644
1028,มุกดาหาร,1,18,นาย,เด่นชัย,แสนนามวงศ์,รักษ์ถิ่นไทย,180
1029,มุกดาหาร,1,12,นาย,พงษ์พันธ์,จันทรสาขา,ประชากรไทย,82
1030,มุกดาหาร,2,1,นาย,วิทยา,บุตรดีวงค์,ชาติไทย,36659
1031,มุกดาหาร,2,9,นาง,ลาวัณย์,ตันติกุลพงศ์,ไทยรักไทย,35264
1032,มุกดาหาร,2,11,นาย,ไพฑูรย์,พลซื่อ,มหาชน,2621
1033,มุกดาหาร,2,4,นาย,วารินทร์,อัฐนาค,ประชาธิปัตย์,1025
1034,มุกดาหาร,2,21,นาย,เกษม,คำมุงคุณ,เกษตรกรไทย,763
1035,แม่ฮ่องสอน,1,9,นาย,ปัญญา,จีนาคำ,ไทยรักไทย,21890
1036,แม่ฮ่องสอน,1,4,นาย,เสน่ห์,อุตราภิมุข,ประชาธิปัตย์,10619
1037,แม่ฮ่องสอน,1,11,นาง,กิตติกา,พานอ่อง,มหาชน,6048
1038,แม่ฮ่องสอน,1,6,นาย,อำนาจ,แสงเฮ่อ,คนขอปลดหนี้,3666
1039,แม่ฮ่องสอน,1,1,นาย,ดำรง,ไหวดี,ชาติไทย,2522
1040,แม่ฮ่องสอน,1,10,นาย,ประเวช,คำสวัสดิ์,ความหวังใหม่,546
1041,แม่ฮ่องสอน,2,9,นาย,สมบูรณ์,ไพรวัลย์,ไทยรักไทย,15654
1042,แม่ฮ่องสอน,2,6,นาย,ชัยเพชร,กิ่งแก้วเพชร,คนขอปลดหนี้,14568
1043,แม่ฮ่องสอน,2,4,นาย,จีรพงศ์,พวงทอง,ประชาธิปัตย์,13638
1044,แม่ฮ่องสอน,2,11,ว่าที่พันตรี,วรวิทย์,พันธุรัตน์,มหาชน,2841
1045,ยโสธร,1,9,นาย,สุทธิชัย,จันทร์อารักษ์,ไทยรักไทย,39142
1046,ยโสธร,1,1,นาย,ประยุทธ,นิจพานิชย์,ชาติไทย,11106
1047,ยโสธร,1,11,นาย,สมหวัง,จำปาหอม,มหาชน,9741
1048,ยโสธร,1,10,นาย,วีระศักดิ์,บุญทศ,ความหวังใหม่,7296
1049,ยโสธร,1,4,นาย,สมชาย,ภักตรนิกร,ประชาธิปัตย์,972
1050,ยโสธร,1,6,นาย,สุคนธ์,นันตาวัง,คนขอปลดหนี้,372
1051,ยโสธร,1,15,ว่าที่ร้อยตรี,อ.สัญลักษณ์,แสงพันธุ์,ชาติประชาธิปไตย,251
1052,ยโสธร,2,9,นาย,รณฤทธิชัย,คานเขต,ไทยรักไทย,46672
1053,ยโสธร,2,4,นาย,ประจักษ์,เนาวรัตน์,ประชาธิปัตย์,5261
1054,ยโสธร,2,11,นาย,อาคม,จวนสาง,มหาชน,2736
1055,ยโสธร,2,10,นาย,กร,ศิรินาม,ความหวังใหม่,1216
1056,ยโสธร,3,9,นาย,วิฑูรย์,วงษ์ไกร,ไทยรักไทย,36828
1057,ยโสธร,3,1,นาย,อภินันท์,เมตตาริกานนท์,ชาติไทย,18936
1058,ยโสธร,3,4,นาย,ถาวร,ศรีมันตะ,ประชาธิปัตย์,1556
1059,ยโสธร,4,9,นาย,วิสันต์,เดชเสน,ไทยรักไทย,32198
1060,ยโสธร,4,1,นาย,สฤษดิ์,ประดับศรี,ชาติไทย,22311
1061,ยโสธร,4,11,นาย,พิเชษฐ์,สารสุข,มหาชน,7786
1062,ยโสธร,4,4,นางสาว,ปิยนุช,ทองบุราณ,ประชาธิปัตย์,1106
1063,ยโสธร,4,10,นาย,พัฒนา,ชลพันธ์,ความหวังใหม่,282
1064,ยะลา,1,4,นาย,ประเสริฐ,พงษ์สุวรรณศิริ,ประชาธิปัตย์,33393
1065,ยะลา,1,9,นาย,ไพโรจน์,เฉลียวศักติ์,ไทยรักไทย,20336
1066,ยะลา,1,11,นาย,อนันต์,แสงวัณณ์,มหาชน,5716
1067,ยะลา,1,1,นาย,ชาตรี,มะดอลอ,ชาติไทย,3734
1068,ยะลา,2,4,นาย,อับดุลการิม,เด็งระกีนา,ประชาธิปัตย์,23212
1069,ยะลา,2,9,นาย,ไพศาล,ยิ่งสมาน,ไทยรักไทย,19314
1070,ยะลา,2,11,นาย,นิรันทร์,วายา,มหาชน,18621
1071,ยะลา,2,10,นาย,สิทธิศักดิ์,มะโรหบุตร,ความหวังใหม่,1367
1072,ยะลา,3,4,นาย,ณรงค์,ดูดิง,ประชาธิปัตย์,38040
1073,ยะลา,3,9,นาย,บูราฮานูดิน,อุเซ็ง,ไทยรักไทย,22162
1074,ยะลา,3,11,นาย,สอยูวัน,อาลีมามะ,มหาชน,5637
1075,ร้อยเอ็ด,1,1,นาย,อนุรักษ์,จุรีมาศ,ชาติไทย,44065
1076,ร้อยเอ็ด,1,9,นาย,สานิต,ว่องสัธนพงษ์,ไทยรักไทย,38174
1077,ร้อยเอ็ด,1,11,นาย,วราวงษ์,พันธุ์ศิลา,มหาชน,1735
1078,ร้อยเอ็ด,1,4,นาย,ประณต,เสริฐวิชา,ประชาธิปัตย์,802
1079,ร้อยเอ็ด,1,10,นาย,ประยูร,วิไลภักดี,ความหวังใหม่,98
1080,ร้อยเอ็ด,1,5,นาย,ธำรงศักดิ์,ประสาร,ประชาชนไทย,31
1081,ร้อยเอ็ด,2,9,นาย,ฉลาด,ขามช่วง,ไทยรักไทย,65424
1082,ร้อยเอ็ด,2,11,นาย,ธีรวุฒิ,เถาทิพย์,มหาชน,8471
1083,ร้อยเอ็ด,2,4,นาย,เกียรติศักดิ์,ไค่นุ่นกา,ประชาธิปัตย์,1604
1084,ร้อยเอ็ด,2,1,นาย,ทวี,ศิลารัตน์,ชาติไทย,1270
1085,ร้อยเอ็ด,2,10,นาย,ทวีวัฒน์,รัตนสงคราม,ความหวังใหม่,293
1086,ร้อยเอ็ด,2,5,นาง,ฐัติมา,ภาวะลี,ประชาชนไทย,124
1087,ร้อยเอ็ด,3,9,นาย,เอกภาพ,พลซื่อ,ไทยรักไทย,68320
1088,ร้อยเอ็ด,3,6,นาย,เยียมพล,พลเยี่ยม,คนขอปลดหนี้,3397
1089,ร้อยเอ็ด,3,4,นาย,พิชัย,คามวัลย์,ประชาธิปัตย์,921
1090,ร้อยเอ็ด,3,10,ว่าที่ร้อยตรี,ปิฏิพงษ์,พลเยี่ยม,ความหวังใหม่,600
1091,ร้อยเอ็ด,3,5,นาย,ไพโรจน์,ดิษฐาเนตร,ประชาชนไทย,192
1092,ร้อยเอ็ด,4,9,นาย,นิรันดร,นาเมืองรักษ์,ไทยรักไทย,37173
1093,ร้อยเอ็ด,4,1,นาย,อรรณพ,เพียรชนะ,ชาติไทย,27182
1094,ร้อยเอ็ด,4,11,นาย,ชัยศักดิ์,ทะไกรราช,มหาชน,2715
1095,ร้อยเอ็ด,4,6,นาย,ณัชธกร,ประกอบสาย,คนขอปลดหนี้,1016
1096,ร้อยเอ็ด,4,4,นาย,ยงยุทธ,ขัติยนนท์,ประชาธิปัตย์,743
1097,ร้อยเอ็ด,4,10,นาย,บุญชิต,อุทัศพัฒนะ,ความหวังใหม่,162
1098,ร้อยเอ็ด,4,5,นาย,ธงชัย,เยาวเรศน์,ประชาชนไทย,37
1099,ร้อยเอ็ด,5,9,นาย,นิสิต,สินธุไพร,ไทยรักไทย,49950
1100,ร้อยเอ็ด,5,11,นาย,วัชรินทร์,เอี่ยมรัศมีกุล,มหาชน,19386
1101,ร้อยเอ็ด,5,1,นาย,ประสพสุข,เสนานคร,ชาติไทย,1058
1102,ร้อยเอ็ด,5,4,นาย,สมบัติ,ขันโมลี,ประชาธิปัตย์,796
1103,ร้อยเอ็ด,6,9,นาย,กิตติ,สมทรัพย์,ไทยรักไทย,64536
1104,ร้อยเอ็ด,6,11,นาย,กฤษณะ,แสนสำโรง,มหาชน,3997
1105,ร้อยเอ็ด,6,4,นางสาว,จันทรพร,ขันโมลี,ประชาธิปัตย์,3366
1106,ร้อยเอ็ด,6,5,นาย,สมเดช,พันธมาศ,ประชาชนไทย,81
1107,ร้อยเอ็ด,7,9,นาย,ศักดา,คงเพชร,ไทยรักไทย,62863
1108,ร้อยเอ็ด,7,4,นาย,อุทาร,ออมอด,ประชาธิปัตย์,4192
1109,ร้อยเอ็ด,7,11,นาย,สนั่น,สุพิชญานนท์,มหาชน,2366
1110,ร้อยเอ็ด,7,8,นาย,สมชาติ,บุญโลก,แผ่นดินไทย,712
1111,ร้อยเอ็ด,7,10,นาย,บุญนาค,จุลวงษ์,ความหวังใหม่,354
1112,ร้อยเอ็ด,8,1,นาย,มังกร,ยนต์ตระกูล,ชาติไทย,41893
1113,ร้อยเอ็ด,8,9,นาย,เวียง,วรเชษฐ์,ไทยรักไทย,33251
1114,ร้อยเอ็ด,8,11,นาย,สุนทร,วงค์ศรีมี,มหาชน,558
1115,ร้อยเอ็ด,8,4,นาย,สภา,จุรีมาศ,ประชาธิปัตย์,331
1116,ร้อยเอ็ด,8,10,นาย,สถาพร,โสดาวัฒน์,ความหวังใหม่,104
1117,ระนอง,1,4,นาย,วิรัช,ร่มเย็น,ประชาธิปัตย์,48647
1118,ระนอง,1,9,นาง,ปรียา,ศรีพรหม,ไทยรักไทย,19765
1119,ระนอง,1,11,นาย,สุขกิจ,สวัสดี,มหาชน,6731
1120,ระนอง,1,1,นาย,พงศกร,พรหมสุวรรณ,ชาติไทย,1727
1121,ระยอง,1,9,นาย,ยงยศ,อรุณเวสสะเศรษฐ,ไทยรักไทย,34283
1122,ระยอง,1,4,นาย,สาธิต,ปิตุเตชะ,ประชาธิปัตย์,33153
1123,ระยอง,1,1,นาย,วารินทร์,ดุษฎีวงษ์กำจร,ชาติไทย,1342
1124,ระยอง,1,11,นาย,สันทัด,วิเศษศรี,มหาชน,1308
1125,ระยอง,2,9,ร้อยตรี,กฤษฎา,การุญ,ไทยรักไทย,30656
1126,ระยอง,2,4,นาย,บัญญัติ,เจตนจันทร์,ประชาธิปัตย์,30417
1127,ระยอง,2,1,นาง,นิยะดา,กฤษณะราช,ชาติไทย,9517
1128,ระยอง,2,11,นาย,อรรถพร,ตั้งนุศาสน์,มหาชน,2131
1129,ระยอง,3,9,นาย,ธารา,ปิตุเตชะ,ไทยรักไทย,43622
1130,ระยอง,3,4,นาย,มานพ,เสถียรเขตต์,ประชาธิปัตย์,23126
1131,ระยอง,3,1,นาย,โชดก,วิริยะพงษ์,ชาติไทย,4088
1132,ระยอง,4,9,นาย,ปราโมทย์,วีระพันธ์,ไทยรักไทย,37562
1133,ระยอง,4,4,พันตำรวจเอก,ดิเรก,ศิลา,ประชาธิปัตย์,17737
1134,ระยอง,4,1,นาย,สุรชัย,ปิตุเตชะ,ชาติไทย,10013
1135,ระยอง,4,11,นาย,ประชุม,ปรีชาพัฒนพงศ์,มหาชน,1975
1136,ราชบุรี,1,9,นาย,กอบกุล,นพอมรบดี,ไทยรักไทย,47208
1137,ราชบุรี,1,4,นาย,บุญมาก,ศิริเนาวกุล,ประชาธิปัตย์,36799
1138,ราชบุรี,1,11,นาง,จริยา,ลัทธศักดิ์ศิริ,มหาชน,1802
1139,ราชบุรี,1,10,นาง,วันดี,ท้วมพลอย,ความหวังใหม่,239
1140,ราชบุรี,2,9,นาย,วิวัฒน์,นิติกาญจนา,ไทยรักไทย,47089
1141,ราชบุรี,2,4,นาย,สามารถ,พิริยะปัญญาพร,ประชาธิปัตย์,34410
1142,ราชบุรี,2,11,นาย,พันธ์ณรงค์,ประจักษ์จิตร,มหาชน,1434
1143,ราชบุรี,2,10,นางสาว,รัชฎาพร,ชูประสงค์,ความหวังใหม่,384
1144,ราชบุรี,3,9,นางสาว,ปารีณา,ไกรคุปต์,ไทยรักไทย,51705
1145,ราชบุรี,3,4,นางสาว,ปรีชญา,ขำเจริญ,ประชาธิปัตย์,33444
1146,ราชบุรี,3,11,นาย,สมบัติ,เรืองกฤษ,มหาชน,2737
1147,ราชบุรี,3,10,นาง,นภักษร,คณารักสมบัติ,ความหวังใหม่,416
1148,ราชบุรี,4,9,นาย,วัฒนา,มังคลรังษี,ไทยรักไทย,49759
1149,ราชบุรี,4,4,นาย,ยศศักดิ์,ชีววิญญู,ประชาธิปัตย์,19711
1150,ราชบุรี,4,1,นาย,วิจัย,วัฒนาประสิทธิ์,ชาติไทย,17837
1151,ราชบุรี,4,11,นาย,ภัคคุณก้าว,จริยธาราสิทธิ์,มหาชน,1695
1152,ราชบุรี,4,10,นาง,สุหร่าย,น่วมทนงค์,ความหวังใหม่,680
1153,ราชบุรี,5,9,นาย,บุญลือ,ประเสริฐโสภา,ไทยรักไทย,47103
1154,ราชบุรี,5,4,นาย,วรินทร,เนียมฉาย,ประชาธิปัตย์,33496
1155,ราชบุรี,5,1,พันตำรวจเอก,สมพงษ์,นิลสิน,ชาติไทย,4312
1156,ราชบุรี,5,10,นาย,ภูริวัตน์,แก้วชัง,ความหวังใหม่,468
1157,ลพบุรี,1,9,นาย,ณัฐพล,เกียรติวินัยสกุล,ไทยรักไทย,33441
1158,ลพบุรี,1,1,นาย,จำเริญ,สละชีพ,ชาติไทย,20927
1159,ลพบุรี,1,4,นางสาว,ผ่องศรี,ธาราภูมิ,ประชาธิปัตย์,19795
1160,ลพบุรี,2,9,นาย,พงษ์ศักดิ์,วรปัญญา,ไทยรักไทย,56287
1161,ลพบุรี,2,4,นาย,อมฤต,สุหิรัญ,ประชาธิปัตย์,19993
1162,ลพบุรี,3,9,นาย,สุชาติ,ลายน้ำเงิน,ไทยรักไทย,43955
1163,ลพบุรี,3,1,นาย,กมล,จิระพันธุ์วาณิช,ชาติไทย,27887
1164,ลพบุรี,3,4,นาง,จันทนี,ไทยเจริญ,ประชาธิปัตย์,2823
1165,ลพบุรี,4,9,นาย,อำนวย,คลังผา,ไทยรักไทย,61273
1166,ลพบุรี,4,4,นาย,ประวิทย์,กุมพล,ประชาธิปัตย์,6751
1167,ลพบุรี,4,11,นาง,พัชราภรณ์,เชื้อเพ็ชร์,มหาชน,6444
1168,ลพบุรี,5,9,นาย,นิยม,วรปัญญา,ไทยรักไทย,43760
1169,ลพบุรี,5,4,นาง,สายชล,มิตรานนท์,ประชาธิปัตย์,26215
1170,ลพบุรี,5,11,ว่าที่ร้อยตรี,เสวต,เชื้อเพ็ชร,มหาชน,3878
1171,ลำปาง,1,9,นาย,ไพโรจน์,โล่ห์สุนทร,ไทยรักไทย,44757
1172,ลำปาง,1,11,นาย,มัธยม,นิภาเกษม,มหาชน,28041
1173,ลำปาง,1,4,พลตรี,วิชัย,จักรวัฒนา,ประชาธิปัตย์,9905
1174,ลำปาง,1,6,นางสาว,ศิรินทร์ทิพย์,เป็นคุณ,คนขอปลดหนี้,711
1175,ลำปาง,2,9,นาย,กิตติกร,โล่ห์สุนทร,ไทยรักไทย,55697
1176,ลำปาง,2,1,นาย,จินดา,วงศ์สวัสดิ์,ชาติไทย,28619
1177,ลำปาง,2,4,นาย,เกริก,กาศเจริญ,ประชาธิปัตย์,3519
1178,ลำปาง,2,11,นาย,วาจิส,กันทะวัง,มหาชน,2113
1179,ลำปาง,2,6,นาง,รัชดา,ศิริพรมพิศาล,คนขอปลดหนี้,543
1180,ลำปาง,3,9,นาย,วาสิต,พยัคฆบุตร,ไทยรักไทย,36835
1181,ลำปาง,3,4,พลตำรวจโท,สมเกียรติ,พ่วงทรัพย์,ประชาธิปัตย์,18973
1182,ลำปาง,3,1,นาย,สุริยา,อูปทอง,ชาติไทย,11716
1183,ลำปาง,3,11,นาย,สำคัญ,วรรณบวร,มหาชน,6623
1184,ลำปาง,3,10,พันเอก,เด็ดดวง,ณ ลำปาง,ความหวังใหม่,1685
1185,ลำปาง,3,15,พันตำรวจตรี,ถนัด,หิรัญคำ,ชาติประชาธิปไตย,1056
1186,ลำปาง,3,6,นาย,จักรกฤษณ์,ใจสีคำ,คนขอปลดหนี้,501
1187,ลำปาง,4,9,นาย,พินิจ,จันทรสุรินทร์,ไทยรักไทย,54408
1188,ลำปาง,4,1,นาย,เสน่ห์,แก้วมาลัย,ชาติไทย,15372
1189,ลำปาง,4,4,พันตำรวจโท,สิทธา,ทองสวัสดิ์,ประชาธิปัตย์,11089
1190,ลำปาง,4,11,นางสาว,วิภาดา,ฝั้นเต็ม,มหาชน,3380
1191,ลำปาง,4,6,นางสาว,วิรัชดา,หอมแก่นจันทร์,คนขอปลดหนี้,994
1192,ลำปาง,5,9,นาย,อิทธิรัตน์,จันทรสุรินทร์,ไทยรักไทย,51726
1193,ลำปาง,5,11,นางสาว,ธารทอง,ทองสวัสดิ์,มหาชน,22369
1194,ลำปาง,5,1,นาย,เทวินทร์,จันทราช,ชาติไทย,2304
1195,ลำปาง,5,6,นางสาว,ณาตยา,ไชยเมืองชื่น,คนขอปลดหนี้,1662
1196,ลำปาง,5,4,นาย,สุธรรม,ศุภมงคล,ประชาธิปัตย์,1490
1197,ลำพูน,1,9,นางสาว,อาภาภรณ์,พุทธปวน,ไทยรักไทย,49241
1198,ลำพูน,1,4,นาย,โอภาส,คำบุญเรือง,ประชาธิปัตย์,14150
1199,ลำพูน,1,11,นาย,บรรจง,ไชยรังษี,มหาชน,8353
1200,ลำพูน,1,6,นาย,จักรคำ,ใจศรีธิ,คนขอปลดหนี้,3069
1201,ลำพูน,1,15,นาย,บุญสมเสถียร,ทะพิงค์แก,ชาติประชาธิปไตย,2219
1202,ลำพูน,1,10,นาง,อุบลรัตน์,เกริกจินดา,ความหวังใหม่,370
1203,ลำพูน,2,9,นาย,สงวน,พงษ์มณี,ไทยรักไทย,45688
1204,ลำพูน,2,1,นาย,ภูมิวัชร์,สุภาศรี,ชาติไทย,10117
1205,ลำพูน,2,4,พันตำรวจโท,อัมรินทร์,ขัติยะวรา,ประชาธิปัตย์,8691
1206,ลำพูน,2,11,นาง,อรทัย,ออประยูร,มหาชน,8413
1207,ลำพูน,2,6,นาย,อภิชาติ,สายปัญญาใย,คนขอปลดหนี้,5356
1208,ลำพูน,2,10,นาย,นพดล,จอมจันทร์ยอง,ความหวังใหม่,4173
1209,ลำพูน,2,5,นาย,วสันต์,นันตา,ประชาชนไทย,146
1210,ลำพูน,3,9,นาย,สถาพร,มณีรัตน์,ไทยรักไทย,51156
1211,ลำพูน,3,4,นาย,ทรงชัย,วงศ์สวัสดิ์,ประชาธิปัตย์,24852
1212,ลำพูน,3,6,นาย,เพิ่มพูน,สิทธิโรจน์,คนขอปลดหนี้,4680
1213,ลำพูน,3,11,นาย,อนันต์,วังเวียง,มหาชน,4071
1214,ลำพูน,3,10,นาย,พงศธร,คำใจหนัก,ความหวังใหม่,1449
1215,ลำพูน,3,5,นาย,วสันต์,กาบุตร,ประชาชนไทย,285
1216,เลย,1,9,นาย,ทศพล,สังขทรัพย์,ไทยรักไทย,58112
1217,เลย,1,4,นาย,อาวุธ,อมรทวีสิน,ประชาธิปัตย์,19905
1218,เลย,1,6,นาย,ฉัตรชัย,ลีกระจ่าง,คนขอปลดหนี้,1335
1219,เลย,1,10,นาย,สุวัฒน์,เคณาภูมิ,ความหวังใหม่,600
1220,เลย,1,5,พันตำรวจโท,ทรงเดช,ผาจันทร์,ประชาชนไทย,377
1221,เลย,2,9,นาง,นันทนา,ทิมสุวรรณ,ไทยรักไทย,52652
1222,เลย,2,11,นาย,พินิจ,สิทธิโห,มหาชน,12670
1223,เลย,2,4,นาย,ไพบูลย์,หล้าภูเขียว,ประชาธิปัตย์,4217
1224,เลย,2,10,นาย,ยุทธ,บุญเกษ,ความหวังใหม่,1169
1225,เลย,2,6,นาย,สุชาติ,ลีกระจ่าง,คนขอปลดหนี้,692
1226,เลย,2,5,นาย,อภิรักษ์,ทาจิต,ประชาชนไทย,231
1227,เลย,3,9,นาย,ปรีชา,เร่งสมบูรณ์สุข,ไทยรักไทย,48194
1228,เลย,3,11,นาย,อดุลย์เดช,ติยะบุตร,มหาชน,24688
1229,เลย,3,4,นาย,แก้วกล้า,ทาสาลี,ประชาธิปัตย์,4209
1230,เลย,3,1,นาย,ก้องภพ,อันทะระ,ชาติไทย,919
1231,เลย,3,10,นาย,สุชาติ,ดำรงคดี,ความหวังใหม่,846
1232,เลย,3,5,นาย,พิพัฒน์,สุวรรณชาติ,ประชาชนไทย,336
1233,เลย,4,9,นาง,จันทร์เพ็ญ,แสงเจริญรัตน์,ไทยรักไทย,47881
1234,เลย,4,1,นาย,สิทธิชัย,สิทธิรัตน์,ชาติไทย,9754
1235,เลย,4,4,นาย,ประพัฒน์พงศ์,สืบสาย,ประชาธิปัตย์,9074
1236,เลย,4,11,นาย,อานนท์,พลภักดี,มหาชน,1952
1237,เลย,4,5,จ่าสิบเอก,ชูชาติ,สงกลาง,ประชาชนไทย,201
1238,ศรีสะเกษ,1,9,นาย,ธเนศ,เครือรัตน์,ไทยรักไทย,40492
1239,ศรีสะเกษ,1,1,นาย,สิริพงศ์,อังคสกุลเกียรติ,ชาติไทย,33835
1240,ศรีสะเกษ,1,4,นาย,เสนีย์,ช่างเพ็ชร์,ประชาธิปัตย์,956
1241,ศรีสะเกษ,1,10,นาย,วีระ,จันทร์ดวงศรี,ความหวังใหม่,355
1242,ศรีสะเกษ,1,5,นาย,วีระพล,สุขสนอง,ประชาชนไทย,91
1243,ศรีสะเกษ,2,9,นาย,พิทยา,บุญเฉลี่ยว,ไทยรักไทย,40172
1244,ศรีสะเกษ,2,1,นาย,อภิชาติ,ชาญประดิษฐ์,ชาติไทย,25328
1245,ศรีสะเกษ,2,11,นาย,พิศ,สายสิงห์,มหาชน,2226
1246,ศรีสะเกษ,2,4,นาย,กมล,แสงเดช,ประชาธิปัตย์,1734
1247,ศรีสะเกษ,2,10,นาย,กฤษนัย,นัยนิตย์,ความหวังใหม่,366
1248,ศรีสะเกษ,2,13,นาย,พิทยา,นักรำ,ไทยช่วยไทย,85
1249,ศรีสะเกษ,3,9,นาย,วิวัฒชัย,โหตระไวศยะ,ไทยรักไทย,42242
1250,ศรีสะเกษ,3,1,นาย,ธีระ,ไตรสรณกุล,ชาติไทย,24292
1251,ศรีสะเกษ,3,11,นาย,สุรชัย,ชินชัย,มหาชน,1043
1252,ศรีสะเกษ,3,4,นาย,สุรณัฐ,แนบเนียม,ประชาธิปัตย์,820
1253,ศรีสะเกษ,4,9,นาย,จาตุรงค์,เพ็งนรพัฒน์,ไทยรักไทย,37857
1254,ศรีสะเกษ,4,1,นาย,ภูมินทร์,ลีธีระประเสริฐ,ชาติไทย,30013
1255,ศรีสะเกษ,4,4,นาย,วินัย,มณีกสิพันธ์,ประชาธิปัตย์,645
1256,ศรีสะเกษ,4,5,นาย,ภานุพงศ์,ไชยวิเศษ,ประชาชนไทย,64
1257,ศรีสะเกษ,5,9,นาย,อมรเทพ,สมหมาย,ไทยรักไทย,38351
1258,ศรีสะเกษ,5,1,นาย,ดนัยฤทธิ์,วัชราภรณ์,ชาติไทย,21238
1259,ศรีสะเกษ,5,11,นาย,บัญชร,แก้วส่อง,มหาชน,5452
1260,ศรีสะเกษ,5,4,นาย,ศักดา,กาญจนเสน,ประชาธิปัตย์,812
1261,ศรีสะเกษ,5,5,นาย,เศรษฐศิษฏ์,ณุวงค์ศรี,ประชาชนไทย,733
1262,ศรีสะเกษ,6,1,นาย,วีระพล,จิตสัมฤทธิ์,ชาติไทย,31736
1263,ศรีสะเกษ,6,9,พันตำรวจเอก,ทิน,วงศ์ปลั่ง,ไทยรักไทย,29486
1264,ศรีสะเกษ,6,11,นาย,อภิสิทธิ์,สุระนรากุล,มหาชน,5044
1265,ศรีสะเกษ,6,4,นาย,พลเดช,ศรีบุญเรือง,ประชาธิปัตย์,1474
1266,ศรีสะเกษ,6,5,นาย,ดำริห์,บุญสาลี,ประชาชนไทย,117
1267,ศรีสะเกษ,7,9,นาง,มาลินี,อินฉัตร,ไทยรักไทย,53490
1268,ศรีสะเกษ,7,1,นาง,ทัศนีย์,เกษกุล,ชาติไทย,4367
1269,ศรีสะเกษ,7,4,นาย,อุดม,บัวเกษ,ประชาธิปัตย์,3745
1270,ศรีสะเกษ,7,11,นาย,ชัย,ศรีคราม,มหาชน,2845
1271,ศรีสะเกษ,8,9,นาย,มานพ,จรัสดำรงนิตย์,ไทยรักไทย,37180
1272,ศรีสะเกษ,8,11,นาย,ไพโรจน์,วงศ์พรหม,มหาชน,27426
1273,ศรีสะเกษ,9,9,นาย,ปวีณ,แซ่จึง,ไทยรักไทย,60649
1274,ศรีสะเกษ,9,11,นาย,เชาวลิต,ศิลารักษ์,มหาชน,4324
1275,ศรีสะเกษ,9,1,นาย,สมศักดิ์,ศรีภักดิ์,ชาติไทย,1324
1276,ศรีสะเกษ,9,4,นาย,พินิต,ศิริวัฒนชัยศิลป์,ประชาธิปัตย์,1255
1277,สกลนคร,1,9,นาย,อภิชาติ,ตีรสวัสดิชัย,ไทยรักไทย,54162
1278,สกลนคร,1,11,นาง,อมราวดี,สมผล,มหาชน,9477
1279,สกลนคร,1,10,นาย,บุญมี,วงศ์ศรีดา,ความหวังใหม่,4756
1280,สกลนคร,1,4,นาย,ทวีวัฒน์,ฤทธิ์ฤาชัย,ประชาธิปัตย์,4497
1281,สกลนคร,1,1,นาย,ชาลี,ราชัย,ชาติไทย,1326
1282,สกลนคร,1,5,นาง,พิศตะวัน,จักรพิมพ์,ประชาชนไทย,388
1283,สกลนคร,2,9,นาย,เฉลิมชัย,อุฬารกุล,ไทยรักไทย,50882
1284,สกลนคร,2,11,นาย,ศิริชัย,สมพงษ์,มหาชน,8207
1285,สกลนคร,2,1,นาย,อธิพัทธ์,ศรีธนนันท์,ชาติไทย,4595
1286,สกลนคร,2,6,ว่าที่ร้อยตรี,ไต้หวัน,คำสร้าง,คนขอปลดหนี้,2633
1287,สกลนคร,2,4,นาย,สุวิทย์,นันอำไพ,ประชาธิปัตย์,969
1288,สกลนคร,2,21,นาย,พงศ์ภีระ,วงศ์ธีรนันท์,เกษตรกรไทย,182
1289,สกลนคร,3,9,นาย,เฉลิมชาติ,การุญ,ไทยรักไทย,39093
1290,สกลนคร,3,1,นาย,นริศร,ทองธิราช,ชาติไทย,24250
1291,สกลนคร,3,6,นาย,วันเย็น,แก้วก่า,คนขอปลดหนี้,3101
1292,สกลนคร,3,4,นาย,ไพศาล,คำจวง,ประชาธิปัตย์,1835
1293,สกลนคร,3,11,นาย,สุรวิทย์,ฝึกฝน,มหาชน,817
1294,สกลนคร,4,9,นาย,สาคร,พรหมภักดี,ไทยรักไทย,50123
1295,สกลนคร,4,11,นาย,ทรงศักดิ์,สิงหาด,มหาชน,10982
1296,สกลนคร,4,4,นาย,ไพรัตน์,เหมะธุลิน,ประชาธิปัตย์,2666
1297,สกลนคร,4,5,นาย,ชาญณรงค์,ศรีสำราญ,ประชาชนไทย,1292
1298,สกลนคร,5,9,นาย,พงษ์ศักดิ์,บุญศล,ไทยรักไทย,38497
1299,สกลนคร,5,11,นาย,ชัยมงคล,ไชยรบ,มหาชน,17652
1300,สกลนคร,5,10,นาย,ชัยรัตน์,หงส์ทอง,ความหวังใหม่,4939
1301,สกลนคร,5,1,นาย,ชาคริต,ไชยทองพันธ์,ชาติไทย,698
1302,สกลนคร,5,4,นาย,บุญธรรม,อาจหาญ,ประชาธิปัตย์,676
1303,สกลนคร,6,9,นาย,เสรี,สาระนันท์,ไทยรักไทย,43622
1304,สกลนคร,6,1,นาย,พงศา,คอมแพงจันทร์,ชาติไทย,16546
1305,สกลนคร,6,11,นาย,วัชรินทร์,ศรีถาพร,มหาชน,2037
1306,สกลนคร,6,4,นาย,สุนทร,แผงงาม,ประชาธิปัตย์,709
1307,สกลนคร,7,9,นาย,เกษม,อุประ,ไทยรักไทย,33674
1308,สกลนคร,7,10,นาย,อวยชัย,สุขรัตน์,ความหวังใหม่,11226
1309,สกลนคร,7,11,นาย,ภานุวัติ,ยศรักษา,มหาชน,10303
1310,สกลนคร,7,1,นาย,สุริยนต์,ศรีสถาน,ชาติไทย,4976
1311,สกลนคร,7,6,นาย,บัวระพา,จันทรา,คนขอปลดหนี้,1187
1312,สกลนคร,7,4,นาย,บุญรักษ์,พลศรีดา,ประชาธิปัตย์,441
1313,สกลนคร,7,15,นาง,กานดา,รัตนวิจารณ์,ชาติประชาธิปไตย,102
1314,สงขลา,1,4,นาย,เจือ,ราชสีห์,ประชาธิปัตย์,56997
1315,สงขลา,1,9,นาย,วันชัย,ปริญญาศิริ,ไทยรักไทย,22750
1316,สงขลา,1,1,นาย,วรพจน์,วรพงศ์,ชาติไทย,2624
1317,สงขลา,2,4,นาย,ลาภศักดิ์,ลาภาโรจน์กิจ,ประชาธิปัตย์,54407
1318,สงขลา,2,9,นาย,อรรถชาญ,เชาวน์วานิชย์,ไทยรักไทย,14459
1319,สงขลา,2,1,นาย,จำแลง,มงคลนิสภกุล,ชาติไทย,2111
1320,สงขลา,2,11,นาย,นฤชาติ,บุญสุวรรณ,มหาชน,1180
1321,สงขลา,3,4,นาย,วิรัตน์,กัลยาศิริ,ประชาธิปัตย์,67631
1322,สงขลา,3,9,นาย,สุนทร,ประทุมทอง,ไทยรักไทย,22291
1323,สงขลา,3,1,นาย,นิรันดร์,แก่นยะกูล,ชาติไทย,4429
1324,สงขลา,4,4,นาย,วินัย,เสนเนียม,ประชาธิปัตย์,49604
1325,สงขลา,4,9,นาย,กิตติพัฒน์,แก้วมณี,ไทยรักไทย,17360
1326,สงขลา,4,1,นาย,อาภรณ์,ทองเมือง,ชาติไทย,2835
1327,สงขลา,5,4,นาย,ประพร,เอกอุรุ,ประชาธิปัตย์,47680
1328,สงขลา,5,9,นาย,วรวิทย์,ขาวทอง,ไทยรักไทย,33039
1329,สงขลา,5,1,นาย,เฉลิม,บุญรัตนัง,ชาติไทย,2535
1330,สงขลา,5,11,พันตำรวจโท,กมลชัย,ศิริรังษี,มหาชน,570
1331,สงขลา,6,4,นาย,ถาวร,เสนเนียม,ประชาธิปัตย์,59571
1332,สงขลา,6,9,นาย,พิทักษ์,พุทธวิโร,ไทยรักไทย,15909
1333,สงขลา,6,1,นาย,จรูญ,ปราบณรงค์,ชาติไทย,1528
1334,สงขลา,7,4,นาย,ศิริโชค,โสภา,ประชาธิปัตย์,43848
1335,สงขลา,7,9,นาย,อรัญ,พรหมรัตน์,ไทยรักไทย,25159
1336,สงขลา,7,11,นาย,สาทร,สิกกะ,มหาชน,12736
1337,สงขลา,7,1,นาย,วิษณุ,บุหงา,ชาติไทย,2152
1338,สงขลา,7,19,นางสาว,จามจุรี,โอภาสภาณุเมศ,พลังเกษตรกร,240
1339,สงขลา,8,4,นาย,นาราชา,สุวิทย์,ประชาธิปัตย์,45065
1340,สงขลา,8,9,นาย,สุรศักดิ์,มณี,ไทยรักไทย,27551
1341,สงขลา,8,1,นาย,สันทัด,หมัดบาซา,ชาติไทย,11428
1342,สงขลา,8,11,นาย,ชอบ,สิทธิประการ,มหาชน,2638
1343,สตูล,1,4,นาย,อสิ,มะหะมัดยังกี,ประชาธิปัตย์,30771
1344,สตูล,1,9,นาย,ชัยรัตน์,ลำโป,ไทยรักไทย,23899
1345,สตูล,1,11,นาย,มูนีร์สมูฮัมหมัด,ใบกาเด็ม,มหาชน,5930
1346,สตูล,1,1,นาย,อาหมาด,หลังยาหน่าย,ชาติไทย,5662
1347,สตูล,2,4,นาย,ธานินทร์,ใจสมุทร,ประชาธิปัตย์,36508
1348,สตูล,2,9,นาย,จิรายุส,เนาวเกตุ,ไทยรักไทย,34589
1349,สตูล,2,11,นาย,ชอบ,ขุนศักดิ์,มหาชน,1346
1350,สตูล,2,1,นาย,วีรชัย,ราโอบ,ชาติไทย,1344
1351,สมุทรปราการ,1,9,นาย,สงคราม,กิจเลิศไพโรจน์,ไทยรักไทย,34070
1352,สมุทรปราการ,1,11,นาย,อัครวัฒน์,อัศวเหม,มหาชน,16007
1353,สมุทรปราการ,1,4,นาย,อนัน,เทพหัสดิน ณ อยุธยา,ประชาธิปัตย์,9755
1354,สมุทรปราการ,1,14,นาย,เอราวัณ,ทับพลี,แรงงาน,1245
1355,สมุทรปราการ,2,9,นาย,ประเสริฐ,เด่นนภาลัย,ไทยรักไทย,38408
1356,สมุทรปราการ,2,11,นาย,กิตติ,ยงศ์สงวนชัย,มหาชน,13813
1357,สมุทรปราการ,2,4,นางสาว,สรชา,วีรชาติวัฒนา,ประชาธิปัตย์,12945
1358,สมุทรปราการ,2,1,นาย,เอกสิทธิ,คุณานันทกุล,ชาติไทย,10379
1359,สมุทรปราการ,2,17,นาย,เกรียงศักดิ์,พินทุสรศรี,ทางเลือกที่สาม,423
1360,สมุทรปราการ,3,9,ว่าที่ร้อยโท,วัลลภ,ยังตรง,ไทยรักไทย,44506
1361,สมุทรปราการ,3,11,นาย,จักรกฤษณ์,ยั่งยืน,มหาชน,16279
1362,สมุทรปราการ,3,4,นางสาว,อภิลักษณ์,ปรัชญาภรณ์,ประชาธิปัตย์,10510
1363,สมุทรปราการ,4,9,นาย,จิรพันธ์,ลิ้มสกุลศิริรัตน์,ไทยรักไทย,45589
1364,สมุทรปราการ,4,4,นาย,สุวัจชัย,ฉัตรชุมสาย,ประชาธิปัตย์,17184
1365,สมุทรปราการ,4,11,นาย,สุนทร,ปานแสงทอง,มหาชน,10994
1366,สมุทรปราการ,5,9,นาง,สลิลทิพย์,ชัยสดมภ์,ไทยรักไทย,50006
1367,สมุทรปราการ,5,4,นาย,เกรียงศักดิ์,บุญประเสริฐ,ประชาธิปัตย์,10127
1368,สมุทรปราการ,5,11,นาย,มั่น,พัธโนทัย,มหาชน,10115
1369,สมุทรปราการ,6,9,นางสาว,เรวดี,รัศมิทัติ,ไทยรักไทย,49542
1370,สมุทรปราการ,6,11,นางสาว,นันทนิจ,กุลเจริญ,มหาชน,15183
1371,สมุทรปราการ,6,4,นาย,อุเทน,ชาติภิญโญ,ประชาธิปัตย์,8258
1372,สมุทรปราการ,7,9,นาย,ประชา,ประสพดี,ไทยรักไทย,46880
1373,สมุทรปราการ,7,11,นาย,ภัทราวุธ,พุกพิบูลย์,มหาชน,14536
1374,สมุทรปราการ,7,4,นาย,สมยศ,ประกอบผล,ประชาธิปัตย์,11966
1375,สมุทรสงคราม,1,4,นางสาว,รังสิมา,รอดรัศมี,ประชาธิปัตย์,55507
1376,สมุทรสงคราม,1,9,นาย,ไชยรัตน์,ไทยเจียมอารีย์,ไทยรักไทย,44838
1377,สมุทรสงคราม,1,1,นาย,โยธิน,ณ บางช้าง,ชาติไทย,1038
1378,สมุทรสงคราม,1,11,นาย,อัครเดช,ยิ่งนคร,มหาชน,621
1379,สมุทรสาคร,1,9,นาย,อนุสรณ์,ไกรวัตนุสสรณ์,ไทยรักไทย,37542
1380,สมุทรสาคร,1,4,นาย,ครรชิต,ทับสุวรรณ,ประชาธิปัตย์,28929
1381,สมุทรสาคร,1,1,นาย,วิรัช,เถื่อนยืนยงค์,ชาติไทย,1407
1382,สมุทรสาคร,1,12,นาย,สนธิญา,สวัสดี,ประชากรไทย,327
1383,สมุทรสาคร,2,9,นาย,ศุภพรพงศ์,ชวนบุญ,ไทยรักไทย,42318
1384,สมุทรสาคร,2,4,นาวาตรี,สุธรรม,ระหงษ์,ประชาธิปัตย์,38825
1385,สมุทรสาคร,2,5,นาย,เชี่ยวชาญ,โชติกะพุกกณะ,ประชาชนไทย,226
1386,สมุทรสาคร,3,9,นาย,อุดม,ไกรวัตนุสสรณ์,ไทยรักไทย,39482
1387,สมุทรสาคร,3,4,พันตำรวจเอก,วิเลข,ศรีนิเวศน์,ประชาธิปัตย์,28953
1388,สระแก้ว,1,9,นาย,ฐานิสร์,เทียนทอง,ไทยรักไทย,77036
1389,สระแก้ว,1,4,นาย,เรือง,บาดาล,ประชาธิปัตย์,8678
1390,สระแก้ว,2,9,นางสาว,ตรีนุช,เทียนทอง,ไทยรักไทย,74286
1391,สระแก้ว,2,4,นาย,สุทธิรักษ์,วันเพ็ญ,ประชาธิปัตย์,8953
1392,สระแก้ว,3,9,นาย,สรวงศ์,เทียนทอง,ไทยรักไทย,62444
1393,สระแก้ว,3,4,นาย,พรพล,เอกอรรถพร,ประชาธิปัตย์,16875
1394,สระบุรี,1,9,ร้อยตรี,ปรพล,อดิเรกสาร,ไทยรักไทย,39048
1395,สระบุรี,1,4,นางสาว,กัลยา,รุ่งวิจิตรชัย,ประชาธิปัตย์,25326
1396,สระบุรี,1,1,นาย,ขุนทอง,แสนวิเศษ,ชาติไทย,11872
1397,สระบุรี,1,11,พลตำรวจตรี,มงคล,เพชรวราภา,มหาชน,2255
1398,สระบุรี,2,9,นาย,ยงยศ,อดิเรกสาร,ไทยรักไทย,38345
1399,สระบุรี,2,1,นาย,เสน่ห์,เลาหะพานิช,ชาติไทย,28778
1400,สระบุรี,2,4,นาย,อดิศักดิ์,จันทร์วิทัน,ประชาธิปัตย์,5668
1401,สระบุรี,2,10,นาย,เชิดชัย,กลางสาทร,ความหวังใหม่,793
1402,สระบุรี,2,11,นาย,สมชาย,ใจมุ่ง,มหาชน,718
1403,สระบุรี,3,9,นาย,ฉัตรชัย,ศิลาพร,ไทยรักไทย,44649
1404,สระบุรี,3,1,นาย,สัญญา,บุญ-หลง,ชาติไทย,20146
1405,สระบุรี,3,4,นาย,ธนวัฒน์,คูวิจิตรสุวรรณ,ประชาธิปัตย์,17776
1406,สระบุรี,4,9,นาย,วีระพล,อดิเรกสาร,ไทยรักไทย,46325
1407,สระบุรี,4,1,นาย,ชนัตถ์,นันทปัญญา,ชาติไทย,22404
1408,สระบุรี,4,4,นาย,คงคา,อินทขันตี,ประชาธิปัตย์,3456
1409,สิงห์บุรี,1,9,นาย,พายัพ,ปั้นเกตุ,ไทยรักไทย,72708
1410,สิงห์บุรี,1,1,นาย,ชัยวุฒิ,ธนาคมานุสรณ์,ชาติไทย,45320
1411,สิงห์บุรี,1,4,นาย,เอกทีป,ธิติธางกูร,ประชาธิปัตย์,3326
1412,สิงห์บุรี,1,11,นาย,วันเฉลิม,แสงสว่าง,มหาชน,485
1413,สิงห์บุรี,1,10,นาย,อาคม,ปั้นคุ้ม,ความหวังใหม่,273
1414,สุโขทัย,1,9,นาง,อนงค์วรรณ,เทพสุทิน,ไทยรักไทย,46770
1415,สุโขทัย,1,4,นาย,วิรัตน์,วิริยะพงษ์,ประชาธิปัตย์,23255
1416,สุโขทัย,1,11,นาง,วรอนงค์,หวลจิตร์,มหาชน,2050
1417,สุโขทัย,1,6,นาย,ชาญชัย,จินดาเลิศ,คนขอปลดหนี้,810
1418,สุโขทัย,2,9,นาย,ประศาสตร์,ทองปากน้ำ,ไทยรักไทย,39461
1419,สุโขทัย,2,4,นาย,สัมพันธ์,ตั้งเบญจผล,ประชาธิปัตย์,22937
1420,สุโขทัย,2,6,นาย,อุดม,หมีเทศ,คนขอปลดหนี้,12070
1421,สุโขทัย,3,9,นาย,สมเจตน์,ลิมปะพันธุ์,ไทยรักไทย,53116
1422,สุโขทัย,3,4,นาย,วัชพล,พรหมมี,ประชาธิปัตย์,18802
1423,สุโขทัย,3,6,นาย,สุทธิพงษ์,เพ็งพี,คนขอปลดหนี้,1203
1424,สุโขทัย,4,9,นาย,ประทวน,เขียวฤทธิ์,ไทยรักไทย,40942
1425,สุโขทัย,4,4,นาย,พลวัฒน์,เล็กสมบูรณ์ไชย,ประชาธิปัตย์,31662
1426,สุโขทัย,4,1,นาย,สุเทพ,เอื้อคณิต,ชาติไทย,868
1427,สุโขทัย,4,6,นางสาว,ชุดาภรณ์,โพธิ์แจ้ง,คนขอปลดหนี้,740
1428,สุพรรณบุรี,1,1,นาย,วราวุธ,ศิลปอาชา,ชาติไทย,57998
1429,สุพรรณบุรี,1,9,พันตำรวจเอก,ปรีดี,เจริญศิลป์,ไทยรักไทย,17954
1430,สุพรรณบุรี,1,4,นาย,ธนิตศักดิ์,ป้องเจริญ,ประชาธิปัตย์,1234
1431,สุพรรณบุรี,2,1,นางสาว,กัญจนา,ศิลปอาชา,ชาติไทย,60816
1432,สุพรรณบุรี,2,9,นาย,วิจิตร,เกตุแก้ว,ไทยรักไทย,14460
1433,สุพรรณบุรี,2,4,นาย,ปรึกษา,เจริญกิจ,ประชาธิปัตย์,289
1434,สุพรรณบุรี,3,1,นาย,ณัฐวุฒิ,ประเสริฐสุวรรณ,ชาติไทย,61211
1435,สุพรรณบุรี,3,9,นาย,สมคิด,สัมฤทธิ์สุทธิ์,ไทยรักไทย,10137
1436,สุพรรณบุรี,3,4,นาย,วิภาต,สุนทรวิภาต,ประชาธิปัตย์,418
1437,สุพรรณบุรี,4,1,นาย,บรรหาร,ศิลปอาชา,ชาติไทย,58610
1438,สุพรรณบุรี,4,9,นาย,ยุทธนา,ลับบัวงาม,ไทยรักไทย,10801
1439,สุพรรณบุรี,4,4,นาย,ธารา,สอิ้งทอง,ประชาธิปัตย์,840
1440,สุพรรณบุรี,5,1,นาย,ยุทธนา,โพธสุธน,ชาติไทย,55165
1441,สุพรรณบุรี,5,9,นาย,เทียนชัย,ปิ่นวิเศษ,ไทยรักไทย,21388
1442,สุพรรณบุรี,5,4,นาย,บัญชา,อ่อนวิมล,ประชาธิปัตย์,1449
1443,สุพรรณบุรี,6,1,นาย,เสมอกัน,เที่ยงธรรม,ชาติไทย,42795
1444,สุพรรณบุรี,6,9,นาย,สหรัฐ,กุลศรี,ไทยรักไทย,29927
1445,สุพรรณบุรี,6,4,นาย,ปัญญา,ทูลเสนีย์,ประชาธิปัตย์,707
1446,สุราษฎร์ธานี,1,4,นาย,โกเมศ,ขวัญเมือง,ประชาธิปัตย์,48383
1447,สุราษฎร์ธานี,1,9,นาย,ภานุ,ศรีบุศยกาญจน์,ไทยรักไทย,20990
1448,สุราษฎร์ธานี,1,11,นาย,ษัษฐบุตร,พฤทธิพันธุ์,มหาชน,3918
1449,สุราษฎร์ธานี,2,4,นาย,ประพนธ์,นิลวัชรมณี,ประชาธิปัตย์,61315
1450,สุราษฎร์ธานี,2,9,นาย,สมพล,วิชัยดิษฐ,ไทยรักไทย,22251
1451,สุราษฎร์ธานี,3,4,นาย,ชุมพล,กาญจนะ,ประชาธิปัตย์,52602
1452,สุราษฎร์ธานี,3,9,นาย,ชูชัย,ทองขาว,ไทยรักไทย,16460
1453,สุราษฎร์ธานี,3,1,นาย,มานพ,เกษมณี,ชาติไทย,6352
1454,สุราษฎร์ธานี,4,4,นาย,เชน,เทือกสุบรรณ,ประชาธิปัตย์,50175
1455,สุราษฎร์ธานี,4,9,นาย,ทรงกรด,ประดิษฐพร,ไทยรักไทย,22363
1456,สุราษฎร์ธานี,5,4,นาย,สินิตย์,เลิศไกร,ประชาธิปัตย์,68019
1457,สุราษฎร์ธานี,5,9,นาย,โกมล,นกวิเชียร,ไทยรักไทย,16265
1458,สุราษฎร์ธานี,5,1,นาย,เอกราช,รอดเจริญ,ชาติไทย,1662
1459,สุราษฎร์ธานี,6,4,นาง,นิภา,พริ้งศุลกะ,ประชาธิปัตย์,60714
1460,สุราษฎร์ธานี,6,9,นาย,รัฐพล,โกละกะ,ไทยรักไทย,12338
1461,สุราษฎร์ธานี,6,1,นาย,ประมวล,ชูกล่อม,ชาติไทย,4638
1462,สุราษฎร์ธานี,6,11,นาย,ชยุต,วิมล,มหาชน,2159
1463,สุรินทร์,1,9,นาย,ชูชัย,มุ่งเจริญพร,ไทยรักไทย,43594
1464,สุรินทร์,1,11,นาย,กานนท์,เรืองกาญจนเศรษฐ์,มหาชน,12596
1465,สุรินทร์,1,4,นาย,อัครเดช,สุพรรณฝาย,ประชาธิปัตย์,7613
1466,สุรินทร์,1,1,นาย,บุญติด,สุรประพจน์,ชาติไทย,2561
1467,สุรินทร์,1,5,นาย,นักสิทธิ์,อุ่นจิต,ประชาชนไทย,485
1468,สุรินทร์,2,9,นาย,เกษม,รุ่งธนเกียรติ,ไทยรักไทย,36706
1469,สุรินทร์,2,11,นาย,สุวิช,บูรณ์เจริญ,มหาชน,13694
1470,สุรินทร์,2,1,นางสาว,ภูริตา,มูลศาสตร์,ชาติไทย,9870
1471,สุรินทร์,2,4,นาง,ศิริรัตน์,สมัครสมาน,ประชาธิปัตย์,3532
1472,สุรินทร์,2,5,ว่าที่ร้อยตรี,สันทัด,อุไร,ประชาชนไทย,2683
1473,สุรินทร์,3,9,นาง,ฟาริดา,สุไลมาน,ไทยรักไทย,38445
1474,สุรินทร์,3,1,นาย,แฎง,หนุนชู,ชาติไทย,10909
1475,สุรินทร์,3,4,นาย,วีระพันธ์,ศิริพาณิชย์ศกุนต์,ประชาธิปัตย์,5001
1476,สุรินทร์,3,11,นาย,ประไพ,สุขบท,มหาชน,3246
1477,สุรินทร์,4,9,นาย,ธีระทัศน์,เตียวเจริญโสภา,ไทยรักไทย,39845
1478,สุรินทร์,4,1,นาง,นัฐมล,สมบูรณ์เทอดธนา,ชาติไทย,16596
1479,สุรินทร์,4,11,นาย,หริศ,วีระเสถียร,มหาชน,2642
1480,สุรินทร์,4,5,นาย,สุเทพ,สุระขุนทด,ประชาชนไทย,200
1481,สุรินทร์,5,9,นาย,ประดุจ,มั่นหมาย,ไทยรักไทย,30746
1482,สุรินทร์,5,11,นาย,สินชัย,ตันติรัตนานนท์,มหาชน,15158
1483,สุรินทร์,5,1,นาย,ทวีสิทธิ์,ใจกล้า,ชาติไทย,8663
1484,สุรินทร์,5,4,นาย,สวิน,นิลเพชร,ประชาธิปัตย์,1889
1485,สุรินทร์,6,9,นาย,ศุภรักษ์,ควรหา,ไทยรักไทย,42531
1486,สุรินทร์,6,1,นาย,ชูศักดิ์,แอกทอง,ชาติไทย,13009
1487,สุรินทร์,6,11,นาย,กำชัย,เรืองกาญจนเศรษฐ์,มหาชน,5126
1488,สุรินทร์,6,4,นาย,ณรงค์ฤทธิ์,ชัยสุวรรณ์,ประชาธิปัตย์,1371
1489,สุรินทร์,6,5,นาย,ชุมพล,เรืองศิริ,ประชาชนไทย,133
1490,สุรินทร์,7,9,นาย,มานิตย์,สังข์พุ่ม,ไทยรักไทย,37978
1491,สุรินทร์,7,1,นาย,สุเทพ,เตียวเจริญโสภา,ชาติไทย,19306
1492,สุรินทร์,7,11,พันตำรวจโท,พรสวรรค์,มูลศาสตร์,มหาชน,1191
1493,สุรินทร์,8,1,นาย,สุริยะ,ร่วมพัฒนา,ชาติไทย,35318
1494,สุรินทร์,8,9,นาย,เสกสรรค์,แสนภูมิ,ไทยรักไทย,32369
1495,สุรินทร์,8,11,นาย,อำนาจ,จำปาทอง,มหาชน,869
1496,สุรินทร์,8,4,นาย,ชัย,บรรลุสุข,ประชาธิปัตย์,420
1497,สุรินทร์,8,5,นาย,ประชุมศักดิ์,ดีสม,ประชาชนไทย,71
1498,สุรินทร์,9,9,นาย,ตี๋ใหญ่,พูนศรีธนากูล,ไทยรักไทย,37472
1499,สุรินทร์,9,11,นาย,สาธิต,เทพวงศ์ศิริรัตน์,มหาชน,19153
1500,สุรินทร์,9,1,พันตำรวจโท,วิทยา,เทียมทอง,ชาติไทย,1324
1501,สุรินทร์,9,10,นาย,ชมรพ,คำภิรมย์,ความหวังใหม่,677
1502,สุรินทร์,9,4,นาย,สุทัศน์,สัตย์แสง,ประชาธิปัตย์,631
1503,สุรินทร์,9,18,นาย,นันทพัทธ์,ธีมาเกียรติธนา,รักษ์ถิ่นไทย,341
1504,สุรินทร์,9,7,นางสาว,จันทร์จรัส,เสนาธนศักดิ์,ธรรมชาติไทย,221
1505,สุรินทร์,9,2,นาง,จันทร์ฉาย,วงศ์วิบูลเศรษฐ์,กิจสังคม,88
1506,หนองคาย,1,9,ว่าที่ร้อยตรี,พงศ์พันธ์,สุนทรชัย,ไทยรักไทย,45336
1507,หนองคาย,1,4,นาย,มงคล,ศิโรรัตนรังษี,ประชาธิปัตย์,13020
1508,หนองคาย,1,1,นาย,กำภล,เมืองโคตร,ชาติไทย,9786
1509,หนองคาย,1,6,นาย,พิบูลย์,มณีทร,คนขอปลดหนี้,1071
1510,หนองคาย,1,11,นาย,สังวาลย์,ริมเขาใหญ่,มหาชน,889
1511,หนองคาย,2,9,นาย,ประสิทธิ์,จันทาทอง,ไทยรักไทย,42220
1512,หนองคาย,2,11,นาย,เทียนชัย,มีชัย,มหาชน,15326
1513,หนองคาย,2,4,นาย,ธงชัย,กึ่งมาตย์,ประชาธิปัตย์,1562
1514,หนองคาย,2,6,นาง,พูลทรัพย์,คมสัน,คนขอปลดหนี้,626
1515,หนองคาย,2,5,นาย,อนันต์,ภมรศิริ,ประชาชนไทย,122
1516,หนองคาย,3,9,นาย,เอกธนัช,อินทร์รอด,ไทยรักไทย,48804
1517,หนองคาย,3,1,พันตำรวจโท,ประสงค์,ปุนนา,ชาติไทย,5328
1518,หนองคาย,3,11,นาย,สมพงษ์,พรหมกลาง,มหาชน,2112
1519,หนองคาย,3,4,นาย,สานิตย์,นามบุปผา,ประชาธิปัตย์,2095
1520,หนองคาย,3,6,นางสาว,จันทร์สุดา,เตระชทัด,คนขอปลดหนี้,1402
1521,หนองคาย,4,9,นาย,เทวฤทธิ์,นิกรเทศ,ไทยรักไทย,42478
1522,หนองคาย,4,11,นาย,ยุทธพงษ์,แสงศรี,มหาชน,8777
1523,หนองคาย,4,6,นาย,กังวาล,ครองยุติ,คนขอปลดหนี้,2001
1524,หนองคาย,4,4,นาย,ปิยะ,พันลำ,ประชาธิปัตย์,1372
1525,หนองคาย,5,9,นาย,สงกรานต์,คำพิไสย์,ไทยรักไทย,47704
1526,หนองคาย,5,1,นาย,ธรรมนูญ,เจริญดี,ชาติไทย,8773
1527,หนองคาย,5,11,นาย,พยัคฆ์,สิมมาโคตร,มหาชน,3075
1528,หนองคาย,5,6,นาย,สัมฤทธิ์,สงวนนาม,คนขอปลดหนี้,2607
1529,หนองคาย,5,4,นาย,สากล,นันทรักษ์,ประชาธิปัตย์,941
1530,หนองคาย,5,10,นาย,ปฏิวัติ,จันทจร,ความหวังใหม่,370
1531,หนองคาย,6,9,นาย,นิพนธ์,คนขยัน,ไทยรักไทย,38479
1532,หนองคาย,6,1,นาย,ไตรรงค์,ติธรรม,ชาติไทย,13151
1533,หนองคาย,6,11,นาย,สุเมธ,พรมพันห่าว,มหาชน,4589
1534,หนองคาย,6,6,นาย,ดิเรก,ไชยสุระ,คนขอปลดหนี้,1604
1535,หนองคาย,6,4,นาย,วินัย,ติยะบุตร,ประชาธิปัตย์,628
1536,หนองคาย,6,10,นาย,ประมวล,บุญขัน,ความหวังใหม่,236
1537,หนองบัวลำภู,1,9,นาย,กิตติศักดิ์,หัตถสงเคราะห์,ไทยรักไทย,46497
1538,หนองบัวลำภู,1,11,นาย,ไพรัช,นุชิต,มหาชน,15654
1539,หนองบัวลำภู,1,4,นางสาว,กุลฤดี,สุวรรณพรหม,ประชาธิปัตย์,6655
1540,หนองบัวลำภู,1,1,นาย,สุรชัย,ทวีคูณ,ชาติไทย,1486
1541,หนองบัวลำภู,2,9,นาย,ไชยา,พรหมา,ไทยรักไทย,44747
1542,หนองบัวลำภู,2,11,นาย,วุฒิพงษ์,ศิริสถิตย์,มหาชน,19830
1543,หนองบัวลำภู,2,4,นาง,มัธณาพร,ภูตลาดขาม,ประชาธิปัตย์,1989
1544,หนองบัวลำภู,3,9,นาย,วิชัย,สามิตร,ไทยรักไทย,51027
1545,หนองบัวลำภู,3,11,นาย,อุทัย,เมืองคุณ,มหาชน,8109
1546,หนองบัวลำภู,3,4,ว่าที่พันตรี,สรชาติ,สุวรรณพรหม,ประชาธิปัตย์,5663
1547,อ่างทอง,1,9,นางสาว,เพ็ญชิสา,หงษ์อุปถัมภ์ไชย,ไทยรักไทย,38429
1548,อ่างทอง,1,1,พลตำรวจโท,วิโรจน์,เปาอินทร์,ชาติไทย,24529
1549,อ่างทอง,1,4,นาย,อุดม,ฤกษ์วรารักษ์,ประชาธิปัตย์,14211
1550,อ่างทอง,1,11,นาย,ธนะเทพ,ทองสถิต,มหาชน,664
1551,อ่างทอง,2,1,นาย,สมศักดิ์,ปริศนานันทกุล,ชาติไทย,41614
1552,อ่างทอง,2,9,พลตำรวจตรี,ประจวบ,เปาอินทร์,ไทยรักไทย,33009
1553,อ่างทอง,2,4,นาย,แดน,เวลาดี,ประชาธิปัตย์,1026
1554,อ่างทอง,2,11,นาย,สมมาตร์,มีศิลป์,มหาชน,846
1555,อำนาจเจริญ,1,9,นาย,ธีระชัย,ศิริขันธ์,ไทยรักไทย,49229
1556,อำนาจเจริญ,1,4,นาย,วิเชียร,อุดมศักดิ์,ประชาธิปัตย์,28203
1557,อำนาจเจริญ,1,11,นาย,ไพฑูรย์,เสถียรวัฒน์,มหาชน,4012
1558,อำนาจเจริญ,2,9,นาย,ชัยศรี,กีฬา,ไทยรักไทย,35718
1559,อำนาจเจริญ,2,4,นาย,อภิวัฒน์,เงินหมื่น,ประชาธิปัตย์,26241
1560,อำนาจเจริญ,2,1,นาย,ไพศาล,จันทวารา,ชาติไทย,18927
1561,อำนาจเจริญ,2,11,นาย,ศรัญญู,ขันติกุล,มหาชน,2208
1562,อุดรธานี,1,9,นาย,ศราวุธ,เพชรพนมพร,ไทยรักไทย,41868
1563,อุดรธานี,1,4,นาง,เตือนใจ,นุอุปละ,ประชาธิปัตย์,8438
1564,อุดรธานี,1,11,นาง,พรทิพา,กัสนุกา,มหาชน,2594
1565,อุดรธานี,1,10,นาง,จันทร์เพ็ญ,ริ้วทองชุ่ม,ความหวังใหม่,1118
1566,อุดรธานี,2,9,นาย,อรรถพล,สนิทวงศ์ชัย,ไทยรักไทย,53946
1567,อุดรธานี,2,11,นาย,พูลศักดิ์,อยู่ประเสริฐ,มหาชน,22550
1568,อุดรธานี,3,9,นาย,วิชัย,ชัยจิตวณิชกุล,ไทยรักไทย,50094
1569,อุดรธานี,3,11,นาย,องอาจ,วิเศษ,มหาชน,13230
1570,อุดรธานี,3,4,นาย,ประสาสน์,ทองทวี,ประชาธิปัตย์,1041
1571,อุดรธานี,3,10,นาย,สมคิด,หอมเนตร,ความหวังใหม่,616
1572,อุดรธานี,4,9,นาย,ธีระยุทธ,วานิชชัง,ไทยรักไทย,51486
1573,อุดรธานี,4,11,พันตำรวจโท,สุรทิน,พิมานเมฆินทร์,มหาชน,11471
1574,อุดรธานี,4,1,นาง,สุชีรา,ชัยเชาวรัตน์,ชาติไทย,2428
1575,อุดรธานี,4,10,นาย,ยิ่งยง,พูลลาภ,ความหวังใหม่,1375
1576,อุดรธานี,5,9,นางสาว,รสพิมล,จิรเมธากร,ไทยรักไทย,41375
1577,อุดรธานี,5,1,นาย,ภาณุ,พรวัฒนา,ชาติไทย,11341
1578,อุดรธานี,5,11,นาง,รุ้งลาวัลย์,คำมุงคุณ,มหาชน,7260
1579,อุดรธานี,5,4,นาย,คงเดช,สิทธิมาตย์,ประชาธิปัตย์,846
1580,อุดรธานี,5,6,นาย,ณรงค์ศักดิ์,โฆสิต,คนขอปลดหนี้,542
1581,อุดรธานี,5,10,นาย,ชิน,โยธาศรี,ความหวังใหม่,333
1582,อุดรธานี,6,9,นาย,ทองดี,มนิสสาร,ไทยรักไทย,37685
1583,อุดรธานี,6,1,นาย,เกียรติชัย,ชัยเชาวรัตน์,ชาติไทย,6995
1584,อุดรธานี,6,16,นาย,ขจิตร,ชัยนิคม,กสิกรไทย,6703
1585,อุดรธานี,6,4,นาย,วิชัย,เอี่ยมวงศ์,ประชาธิปัตย์,4727
1586,อุดรธานี,6,11,นาย,เพทาย,บุญไชย,มหาชน,3487
1587,อุดรธานี,6,6,นาย,สุกรี,ธรรมเจริญ,คนขอปลดหนี้,392
1588,อุดรธานี,6,13,ว่าที่ร้อยตรี,กณวรรธน์,มีชัยมาตร์,ไทยช่วยไทย,283
1589,อุดรธานี,6,10,ดาบตำรวจ,พิชัย,ขวัญทอง,ความหวังใหม่,213
1590,อุดรธานี,7,9,นาย,ธีระชัย,แสนแก้ว,ไทยรักไทย,51403
1591,อุดรธานี,7,11,นาย,ประดิษฐ์,ระบาเลิศ,มหาชน,12948
1592,อุดรธานี,7,1,นาย,ชัยรัตน์,โสดา,ชาติไทย,2155
1593,อุดรธานี,7,5,นาย,ธนวัฒน์,ขันธวิชัย,ประชาชนไทย,1996
1594,อุดรธานี,7,4,นางสาว,ประภากร,ลุนเหลา,ประชาธิปัตย์,731
1595,อุดรธานี,7,6,นาย,บุญเรือง,เนาวดี,คนขอปลดหนี้,710
1596,อุดรธานี,7,10,นาย,วิทูล,นามคูณ,ความหวังใหม่,424
1597,อุดรธานี,8,9,นาย,ต่อพงษ์,ไชยสาส์น,ไทยรักไทย,51617
1598,อุดรธานี,8,11,นาย,สมเกียรติ,สุขธนะ,มหาชน,9111
1599,อุดรธานี,8,1,นาย,เกษมสันต์,จันทรเสนา,ชาติไทย,3587
1600,อุดรธานี,8,10,นาย,สว่าง,วรรณสุทธิ์,ความหวังใหม่,681
1601,อุดรธานี,9,9,นาย,ธราพงษ์,สีลาวงษ์,ไทยรักไทย,53104
1602,อุดรธานี,9,11,นางสาว,รัศมี,สังข์ทอง,มหาชน,10496
1603,อุดรธานี,9,4,จ่าสิบตรี,สินสมุทร,วงษ์เชียงยืน,ประชาธิปัตย์,1323
1604,อุดรธานี,9,1,นาย,กิตติศักดิ์,พรหมทะสาร,ชาติไทย,1157
1605,อุดรธานี,9,15,นาย,จำรัส,เหล่าแค,ชาติประชาธิปไตย,337
1606,อุดรธานี,9,5,นาย,สมบูรณ์,งามเกาะ,ประชาชนไทย,118
1607,อุดรธานี,10,9,นาย,สุรชาติ,ชำนาญศิลป์,ไทยรักไทย,38497
1608,อุดรธานี,10,1,นาย,บุญหนัก,นันทกุล,ชาติไทย,22968
1609,อุดรธานี,10,11,นาย,วิเชียร,ขาวขำ,มหาชน,5918
1610,อุดรธานี,10,6,นาย,ธราเทพ,จันทะคัต,คนขอปลดหนี้,680
1611,อุดรธานี,10,10,นาย,ปพนสรรค์,พระแก้ว,ความหวังใหม่,632
1612,อุดรธานี,10,4,นาย,สังวาลย์,ศิริพันธุ์,ประชาธิปัตย์,405
1613,อุตรดิตถ์,1,9,นางสาว,กฤษณา,สีหลักษณ์,ไทยรักไทย,43430
1614,อุตรดิตถ์,1,4,นาย,พรศักดิ์,เอื้อประเสริฐ,ประชาธิปัตย์,31695
1615,อุตรดิตถ์,1,10,นาย,เกรียงศักดิ์,สถาปนศิริ,ความหวังใหม่,1206
1616,อุตรดิตถ์,1,11,ว่าที่ร้อยตรี,ทวีศักดิ์,แสงเงิน,มหาชน,715
1617,อุตรดิตถ์,2,9,นาย,ศรัณย์,ศรัณย์เกตุ,ไทยรักไทย,50264
1618,อุตรดิตถ์,2,11,นาย,วิทยา,จันทร์แสนตอ,มหาชน,15784
1619,อุตรดิตถ์,2,4,นาง,บุญเทียน,แก้วมูล,ประชาธิปัตย์,5055
1620,อุตรดิตถ์,2,1,นาย,แสวง,จันทร์แสนตอ,ชาติไทย,1925
1621,อุตรดิตถ์,2,10,นาย,ไพโรจน์,จันตรี,ความหวังใหม่,1097
1622,อุตรดิตถ์,3,9,นาย,ทนุศักดิ์,เล็กอุทัย,ไทยรักไทย,62272
1623,อุตรดิตถ์,3,4,นาย,อี๊ดยังวัน,ยงย่วน,ประชาธิปัตย์,17505
1624,อุตรดิตถ์,3,1,นาย,ยิ่งใหญ่,เส็งพานิช,ชาติไทย,1271
1625,อุทัยธานี,1,9,นาย,ประแสง,มงคลศิริ,ไทยรักไทย,32880
1626,อุทัยธานี,1,1,นาย,ธีรพันธ์,วีระยุทธวัฒนะ,ชาติไทย,32011
1627,อุทัยธานี,1,11,นาย,พินันต์,พัวพัฒนกุล,มหาชน,11584
1628,อุทัยธานี,1,4,นาย,วิรัต,รัตยา,ประชาธิปัตย์,7889
1629,อุทัยธานี,2,1,นาย,นพดล,พลเสน,ชาติไทย,42700
1630,อุทัยธานี,2,9,นาย,ประสงค์,มงคลศิริ,ไทยรักไทย,26694
1631,อุทัยธานี,2,4,นาย,วิทยา,จันทร์สม,ประชาธิปัตย์,10294
1632,อุบลราชธานี,1,9,นาย,เกรียง,กัลป์ตินันท์,ไทยรักไทย,41506
1633,อุบลราชธานี,1,11,นาย,ไพวัณ,วัฒนราษฎร์,มหาชน,18833
1634,อุบลราชธานี,1,4,นาย,อุทิศพงษ์,สรวงสุธาร,ประชาธิปัตย์,7214
1635,อุบลราชธานี,1,12,นาย,ไพศาล,อัครรัตนดิลก,ประชากรไทย,649
1636,อุบลราชธานี,2,9,นาย,สมบัติ,รัตโน,ไทยรักไทย,38274
1637,อุบลราชธานี,2,4,นาย,ศุภชัย,ศรีหล้า,ประชาธิปัตย์,26016
1638,อุบลราชธานี,2,11,นาย,วิทยา,ขันอาสา,มหาชน,10271
1639,อุบลราชธานี,3,4,นาย,วิฑูรย์,นามบุตร,ประชาธิปัตย์,39390
1640,อุบลราชธานี,3,9,นาย,โกวิทย์,ธรรมานุชิต,ไทยรักไทย,37134
1641,อุบลราชธานี,3,11,นาย,ชัชวาลย์,วาระนุช,มหาชน,437
1642,อุบลราชธานี,3,15,นาย,อำพล,สุวรรณกูฏ,ชาติประชาธิปไตย,151
1643,อุบลราชธานี,4,9,นาย,สุพล,ฟองงาม,ไทยรักไทย,64750
1644,อุบลราชธานี,4,11,นาย,ธนวัฒน์,อเนกอนันต์กิจ,มหาชน,6806
1645,อุบลราชธานี,4,4,นาย,ไชโย,อ่อนละออ,ประชาธิปัตย์,5015
1646,อุบลราชธานี,4,1,นาย,ทยากร,พลพานิช,ชาติไทย,3911
1647,อุบลราชธานี,4,10,นาย,นิวัติ,อ่างแก้ว,ความหวังใหม่,348
1648,อุบลราชธานี,5,1,นาย,รัฐกิตติ์,ผาลีพัฒน์,ชาติไทย,35762
1649,อุบลราชธานี,5,9,นาย,สุทธิชัย,จรูญเนตร,ไทยรักไทย,33061
1650,อุบลราชธานี,5,11,นาย,สาคร,วงษ์ใหญ่,มหาชน,1105
1651,อุบลราชธานี,5,4,นาย,ปฐมพงษ์,เรืองแสน,ประชาธิปัตย์,577
1652,อุบลราชธานี,5,19,นาย,เจษฎา,อมตไพบูลย์,พลังเกษตรกร,378
1653,อุบลราชธานี,5,5,นาย,จิตรกร,สุทธิพรชัย,ประชาชนไทย,92
1654,อุบลราชธานี,6,9,นาย,อุดร,ทองประเสริฐ,ไทยรักไทย,33347
1655,อุบลราชธานี,6,11,นาย,วีระ,รูปคม,มหาชน,18006
1656,อุบลราชธานี,6,4,นาย,ธนบูรณ์ชัย,อร่ามเรือง,ประชาธิปัตย์,7720
1657,อุบลราชธานี,6,1,นาย,มีศักดิ์,ญาณะพันธ์,ชาติไทย,3420
1658,อุบลราชธานี,7,9,นาย,อดิศักดิ์,โภคกุลกานนท์,ไทยรักไทย,29861
1659,อุบลราชธานี,7,11,นาย,วิทยา,จันทวีศิริรัตน์,มหาชน,16384
1660,อุบลราชธานี,7,4,นาย,แสง,ศรีบุระ,ประชาธิปัตย์,14459
1661,อุบลราชธานี,7,6,นาย,อภัย,กินามณีย์,คนขอปลดหนี้,5453
1662,อุบลราชธานี,7,10,จ่าสิบตรี,พยุงศักดิ์,พ้นภัย,ความหวังใหม่,1888
1663,อุบลราชธานี,8,4,นาย,อิสระ,สมชัย,ประชาธิปัตย์,36236
1664,อุบลราชธานี,8,9,นาย,พูลสวัสดิ์,โหตระไวศยะ,ไทยรักไทย,30057
1665,อุบลราชธานี,8,11,นาย,เชาวพันธ์,เขียวสะอาด,มหาชน,1004
1666,อุบลราชธานี,9,9,นาย,สุชาติ,ตันติวณิชชานนท์,ไทยรักไทย,44284
1667,อุบลราชธานี,9,11,นาย,ปัญญา,จินตะเวช,มหาชน,18257
1668,อุบลราชธานี,9,4,นางสาว,พิศมัย,พิณโท,ประชาธิปัตย์,839
1669,อุบลราชธานี,9,10,นาย,วันชัย,สุภากรณ์,ความหวังใหม่,515
1670,อุบลราชธานี,10,9,นาย,กิตติพงษ์,เทียมสุวรรณ,ไทยรักไทย,31973
1671,อุบลราชธานี,10,1,นาย,ศักดิ์ชัย,จินตะเวช,ชาติไทย,31580
1672,อุบลราชธานี,10,11,นาย,วิทยา,บันทุปา,มหาชน,6900
1673,อุบลราชธานี,10,4,นางสาว,รุ่งลาวัลย์,วุฒธพรหม,ประชาธิปัตย์,552
1674,อุบลราชธานี,10,6,นาง,มาลีวัลย์,ไชยสนิท,คนขอปลดหนี้,461
1675,อุบลราชธานี,11,11,นาย,ตุ่น,จินตะเวช,มหาชน,35000
1676,อุบลราชธานี,11,9,นาย,ชาตรี,พิริยะกิจไพบูลย์,ไทยรักไทย,33292
1677,อุบลราชธานี,11,4,นาย,โอวาท,จุลโคตร,ประชาธิปัตย์,1946